default,log_odd,pd,rating
0,0.164287531,0.540979752,"04 [-0.71,0.65)"
0,-0.665977932,0.339398033,"04 [-0.71,0.65)"
0,-0.03194401,0.492014677,"04 [-0.71,0.65)"
0,-2.015519769,0.117583052,"02 [-2.29,-1.59)"
0,-2.015519769,0.117583052,"02 [-2.29,-1.59)"
0,-2.015519769,0.117583052,"02 [-2.29,-1.59)"
0,-2.015519769,0.117583052,"02 [-2.29,-1.59)"
0,-2.914883565,0.0514227,"01 (-Inf,-2.29)"
0,-2.58398141,0.070176492,"01 (-Inf,-2.29)"
0,-0.812248695,0.307411519,"03 [-1.59,-0.71)"
0,-0.665977932,0.339398033,"04 [-0.71,0.65)"
0,-0.813625881,0.307118381,"03 [-1.59,-0.71)"
0,-2.076977021,0.111354754,"02 [-2.29,-1.59)"
0,1.30324681,0.786380909,"05 [0.65,Inf)"
0,-0.466935892,0.385341733,"04 [-0.71,0.65)"
0,-2.464301688,0.078398965,"01 (-Inf,-2.29)"
0,-0.665977932,0.339398033,"04 [-0.71,0.65)"
0,-0.812248695,0.307411519,"03 [-1.59,-0.71)"
0,-1.281783301,0.217246819,"03 [-1.59,-0.71)"
0,-2.312126376,0.090123627,"01 (-Inf,-2.29)"
0,-1.565341728,0.17288148,"03 [-1.59,-0.71)"
0,-1.009928267,0.266993889,"03 [-1.59,-0.71)"
1,0.305027066,0.575670963,"04 [-0.71,0.65)"
0,-0.951507498,0.278581753,"03 [-1.59,-0.71)"
0,-2.301956258,0.090961074,"01 (-Inf,-2.29)"
0,-1.173280688,0.236262496,"03 [-1.59,-0.71)"
0,0.275159603,0.568359139,"04 [-0.71,0.65)"
0,-1.787157476,0.143421579,"02 [-2.29,-1.59)"
0,-2.166900742,0.102762441,"02 [-2.29,-1.59)"
0,-2.315304064,0.089863391,"01 (-Inf,-2.29)"
0,-1.947763831,0.124797394,"02 [-2.29,-1.59)"
0,-1.806752201,0.14103111,"02 [-2.29,-1.59)"
0,-1.541158285,0.176366957,"03 [-1.59,-0.71)"
0,-2.440118244,0.080164193,"01 (-Inf,-2.29)"
0,-0.049731685,0.487569641,"04 [-0.71,0.65)"
0,-1.565341728,0.17288148,"03 [-1.59,-0.71)"
0,-2.312126376,0.090123627,"01 (-Inf,-2.29)"
0,-2.823761668,0.056053565,"01 (-Inf,-2.29)"
0,-2.806296009,0.056984898,"01 (-Inf,-2.29)"
0,-2.951521643,0.049664644,"01 (-Inf,-2.29)"
0,-2.529734554,0.073799789,"01 (-Inf,-2.29)"
0,-0.047126734,0.488220497,"04 [-0.71,0.65)"
0,-1.806752201,0.14103111,"02 [-2.29,-1.59)"
0,-1.105584014,0.248695081,"03 [-1.59,-0.71)"
0,-0.375429985,0.4072296,"04 [-0.71,0.65)"
1,1.046907846,0.740180679,"05 [0.65,Inf)"
0,-0.729249906,0.325359352,"03 [-1.59,-0.71)"
1,-1.391183934,0.199218816,"03 [-1.59,-0.71)"
0,-1.024430076,0.264165374,"03 [-1.59,-0.71)"
0,-0.124537188,0.46890588,"04 [-0.71,0.65)"
0,-1.695880129,0.15500411,"02 [-2.29,-1.59)"
0,-0.740252228,0.322948991,"03 [-1.59,-0.71)"
0,-2.04653246,0.114403226,"02 [-2.29,-1.59)"
0,-3.152760586,0.040982641,"01 (-Inf,-2.29)"
0,-3.071889925,0.044281775,"01 (-Inf,-2.29)"
0,-1.443207141,0.191049196,"03 [-1.59,-0.71)"
0,-3.089355584,0.043548468,"01 (-Inf,-2.29)"
0,-1.910908814,0.128878786,"02 [-2.29,-1.59)"
0,-2.704349692,0.062717178,"01 (-Inf,-2.29)"
0,-1.927120483,0.127069642,"02 [-2.29,-1.59)"
0,-3.050103374,0.045213011,"01 (-Inf,-2.29)"
0,-2.069681479,0.112078733,"02 [-2.29,-1.59)"
0,-2.445942952,0.07973574,"01 (-Inf,-2.29)"
0,-1.192875414,0.232745065,"03 [-1.59,-0.71)"
0,-0.052101145,0.486977659,"04 [-0.71,0.65)"
0,-3.822643502,0.021401855,"01 (-Inf,-2.29)"
0,-2.473109337,0.077764948,"01 (-Inf,-2.29)"
0,-1.702141246,0.154185813,"02 [-2.29,-1.59)"
0,-0.579645872,0.359014083,"04 [-0.71,0.65)"
0,-1.192875414,0.232745065,"03 [-1.59,-0.71)"
0,-1.539708836,0.176577605,"03 [-1.59,-0.71)"
0,-2.704349692,0.062717178,"01 (-Inf,-2.29)"
0,-2.70571216,0.062637135,"01 (-Inf,-2.29)"
0,-1.927900635,0.12698313,"02 [-2.29,-1.59)"
0,-2.573506288,0.070863097,"01 (-Inf,-2.29)"
0,-0.805405261,0.30887047,"03 [-1.59,-0.71)"
0,-2.951521643,0.049664644,"01 (-Inf,-2.29)"
0,-2.841126794,0.055141801,"01 (-Inf,-2.29)"
0,0.104990158,0.526223456,"04 [-0.71,0.65)"
0,-3.209723867,0.038801432,"01 (-Inf,-2.29)"
0,-1.806752201,0.14103111,"02 [-2.29,-1.59)"
0,-3.320595939,0.034871346,"01 (-Inf,-2.29)"
0,0.277768033,0.568998943,"04 [-0.71,0.65)"
0,-3.558655237,0.027688603,"01 (-Inf,-2.29)"
0,-3.315114973,0.035056281,"01 (-Inf,-2.29)"
0,-0.818512361,0.306079536,"03 [-1.59,-0.71)"
0,-2.951521643,0.049664644,"01 (-Inf,-2.29)"
0,-1.704510706,0.153877059,"02 [-2.29,-1.59)"
0,-2.599716321,0.06915668,"01 (-Inf,-2.29)"
0,-0.627291835,0.348124859,"04 [-0.71,0.65)"
0,-0.843852389,0.300724047,"03 [-1.59,-0.71)"
0,-0.810886227,0.307701678,"03 [-1.59,-0.71)"
0,1.199169874,0.768377076,"05 [0.65,Inf)"
0,-0.826960894,0.304288056,"03 [-1.59,-0.71)"
0,-0.77092816,0.316278361,"03 [-1.59,-0.71)"
0,-2.841906945,0.055101168,"01 (-Inf,-2.29)"
0,-1.195892119,0.232206792,"03 [-1.59,-0.71)"
1,0.244907303,0.56092262,"04 [-0.71,0.65)"
0,0.275159603,0.568359139,"04 [-0.71,0.65)"
0,-0.6345634,0.346476522,"04 [-0.71,0.65)"
0,-3.107500861,0.04279891,"01 (-Inf,-2.29)"
0,0.411524363,0.601453336,"04 [-0.71,0.65)"
0,-0.491707227,0.379491471,"04 [-0.71,0.65)"
0,0.109322695,0.527303486,"04 [-0.71,0.65)"
0,-2.974351967,0.048598108,"01 (-Inf,-2.29)"
0,-1.580876511,0.170671383,"03 [-1.59,-0.71)"
0,-2.832506241,0.055592668,"01 (-Inf,-2.29)"
0,-1.967735162,0.122632361,"02 [-2.29,-1.59)"
0,-1.967735162,0.122632361,"02 [-2.29,-1.59)"
0,-2.799248516,0.057364798,"01 (-Inf,-2.29)"
1,0.215862231,0.553756979,"04 [-0.71,0.65)"
0,-1.215469549,0.228734708,"03 [-1.59,-0.71)"
0,-1.747905265,0.1483116,"02 [-2.29,-1.59)"
0,-1.69666028,0.154901955,"02 [-2.29,-1.59)"
0,-0.891296442,0.29084236,"03 [-1.59,-0.71)"
0,0.377286071,0.59321837,"04 [-0.71,0.65)"
0,-1.276302335,0.218180305,"03 [-1.59,-0.71)"
0,-3.104056071,0.042940256,"01 (-Inf,-2.29)"
0,-2.800610984,0.057291168,"01 (-Inf,-2.29)"
0,-1.929263104,0.126832166,"02 [-2.29,-1.59)"
0,-0.399943137,0.401326002,"04 [-0.71,0.65)"
0,-2.951521643,0.049664644,"01 (-Inf,-2.29)"
0,-1.804681108,0.141282192,"02 [-2.29,-1.59)"
0,-3.089355584,0.043548468,"01 (-Inf,-2.29)"
0,-3.211086335,0.038750649,"01 (-Inf,-2.29)"
0,-2.58398141,0.070176492,"01 (-Inf,-2.29)"
0,-2.048402449,0.114213904,"02 [-2.29,-1.59)"
0,-3.334001074,0.034422994,"01 (-Inf,-2.29)"
0,-0.924912038,0.283958091,"03 [-1.59,-0.71)"
0,-2.683499448,0.063954066,"01 (-Inf,-2.29)"
0,-0.555068527,0.364689273,"04 [-0.71,0.65)"
0,-1.456880022,0.188944982,"03 [-1.59,-0.71)"
0,-2.225400414,0.0974926,"02 [-2.29,-1.59)"
0,-1.702141246,0.154185813,"02 [-2.29,-1.59)"
0,-1.695880129,0.15500411,"02 [-2.29,-1.59)"
0,-3.630398668,0.025821208,"01 (-Inf,-2.29)"
0,-1.428056612,0.193401667,"03 [-1.59,-0.71)"
0,1.406334746,0.803187193,"05 [0.65,Inf)"
0,-4.253729507,0.014012008,"01 (-Inf,-2.29)"
0,-2.418784445,0.081751459,"01 (-Inf,-2.29)"
0,-2.704349692,0.062717178,"01 (-Inf,-2.29)"
0,-2.183002269,0.101287309,"02 [-2.29,-1.59)"
0,-1.402151583,0.19747491,"03 [-1.59,-0.71)"
0,-2.312906527,0.090059674,"01 (-Inf,-2.29)"
0,-2.113084336,0.107831582,"02 [-2.29,-1.59)"
0,-3.071889925,0.044281775,"01 (-Inf,-2.29)"
0,-1.425741481,0.193763078,"03 [-1.59,-0.71)"
0,-1.052720283,0.258703074,"03 [-1.59,-0.71)"
0,-1.825889437,0.138728687,"02 [-2.29,-1.59)"
0,-1.281783301,0.217246819,"03 [-1.59,-0.71)"
0,-2.086649973,0.110401161,"02 [-2.29,-1.59)"
0,-2.207515421,0.099077629,"02 [-2.29,-1.59)"
0,-2.813483185,0.056599904,"01 (-Inf,-2.29)"
0,0.012174116,0.503043492,"04 [-0.71,0.65)"
0,-1.64329431,0.162017304,"02 [-2.29,-1.59)"
0,-2.58398141,0.070176492,"01 (-Inf,-2.29)"
0,-0.235695537,0.441347389,"04 [-0.71,0.65)"
0,-1.910771882,0.12889416,"02 [-2.29,-1.59)"
1,1.640952212,0.837664463,"05 [0.65,Inf)"
0,-1.010708419,0.266841235,"03 [-1.59,-0.71)"
0,-3.089355584,0.043548468,"01 (-Inf,-2.29)"
0,-2.334918523,0.088272018,"01 (-Inf,-2.29)"
0,-0.865614666,0.296167617,"03 [-1.59,-0.71)"
0,-2.312906527,0.090059674,"01 (-Inf,-2.29)"
0,-0.218904804,0.445491294,"04 [-0.71,0.65)"
0,-2.312126376,0.090123627,"01 (-Inf,-2.29)"
0,-1.992716054,0.119969813,"02 [-2.29,-1.59)"
0,-1.936761509,0.12600407,"02 [-2.29,-1.59)"
0,-1.31402556,0.211814002,"03 [-1.59,-0.71)"
0,-3.723125464,0.023588485,"01 (-Inf,-2.29)"
0,-0.740252228,0.322948991,"03 [-1.59,-0.71)"
1,0.541533671,0.632169117,"04 [-0.71,0.65)"
0,-1.245626402,0.223458148,"03 [-1.59,-0.71)"
0,-1.702141246,0.154185813,"02 [-2.29,-1.59)"
0,-2.207515421,0.099077629,"02 [-2.29,-1.59)"
0,-2.70571216,0.062637135,"01 (-Inf,-2.29)"
0,-1.770685631,0.145457085,"02 [-2.29,-1.59)"
0,-2.254215747,0.094986443,"02 [-2.29,-1.59)"
0,-1.054921346,0.258281188,"03 [-1.59,-0.71)"
0,-1.833428634,0.137830332,"02 [-2.29,-1.59)"
0,-1.311787919,0.212187814,"03 [-1.59,-0.71)"
0,-1.541158285,0.176366957,"03 [-1.59,-0.71)"
0,1.132177119,0.756240455,"05 [0.65,Inf)"
0,-2.318387494,0.089611523,"01 (-Inf,-2.29)"
0,-1.56029552,0.173604246,"03 [-1.59,-0.71)"
0,-1.154439384,0.239679146,"03 [-1.59,-0.71)"
0,-2.432494658,0.080728142,"01 (-Inf,-2.29)"
0,-2.440118244,0.080164193,"01 (-Inf,-2.29)"
0,0.626778461,0.65175863,"04 [-0.71,0.65)"
0,-0.388212498,0.404147679,"04 [-0.71,0.65)"
0,-1.801659285,0.141649201,"02 [-2.29,-1.59)"
0,-0.109836069,0.472568555,"04 [-0.71,0.65)"
0,0.840995969,0.698674937,"05 [0.65,Inf)"
0,-1.927120483,0.127069642,"02 [-2.29,-1.59)"
0,-1.881843981,0.132177214,"02 [-2.29,-1.59)"
0,-2.951521643,0.049664644,"01 (-Inf,-2.29)"
0,-3.211490172,0.03873561,"01 (-Inf,-2.29)"
0,-1.807532353,0.140936628,"02 [-2.29,-1.59)"
0,-2.572627376,0.070920988,"01 (-Inf,-2.29)"
0,0.60434802,0.646650433,"04 [-0.71,0.65)"
0,-2.440118244,0.080164193,"01 (-Inf,-2.29)"
0,-2.943238019,0.050057076,"01 (-Inf,-2.29)"
0,-1.283515735,0.216952362,"03 [-1.59,-0.71)"
0,-1.631294029,0.163653169,"02 [-2.29,-1.59)"
0,-0.366038993,0.409498486,"04 [-0.71,0.65)"
0,0.920486291,0.71514118,"05 [0.65,Inf)"
0,-0.235695537,0.441347389,"04 [-0.71,0.65)"
0,-1.316260402,0.211441138,"03 [-1.59,-0.71)"
0,1.707556518,0.846519085,"05 [0.65,Inf)"
0,-1.899417848,0.130174377,"02 [-2.29,-1.59)"
0,-3.779588796,0.022322411,"01 (-Inf,-2.29)"
0,0.827173158,0.695756877,"05 [0.65,Inf)"
0,0.827173158,0.695756877,"05 [0.65,Inf)"
0,-3.92481443,0.019363454,"01 (-Inf,-2.29)"
0,-1.130296549,0.244106378,"03 [-1.59,-0.71)"
0,-1.715627023,0.152435289,"02 [-2.29,-1.59)"
0,-3.311670183,0.035172996,"01 (-Inf,-2.29)"
0,-4.077348859,0.016669758,"01 (-Inf,-2.29)"
0,1.330295476,0.790889506,"05 [0.65,Inf)"
0,-3.108826968,0.042744616,"01 (-Inf,-2.29)"
0,1.136239187,0.75698848,"05 [0.65,Inf)"
0,-2.684378361,0.063901471,"01 (-Inf,-2.29)"
0,-2.337644855,0.088052848,"01 (-Inf,-2.29)"
0,-3.106425531,0.042842985,"01 (-Inf,-2.29)"
0,-0.579512254,0.359044832,"04 [-0.71,0.65)"
0,-3.618356002,0.026125871,"01 (-Inf,-2.29)"
0,0.356124451,0.58810195,"04 [-0.71,0.65)"
0,-1.432655672,0.192685237,"03 [-1.59,-0.71)"
0,-2.354889854,0.086677885,"01 (-Inf,-2.29)"
0,1.80702809,0.859002308,"05 [0.65,Inf)"
0,-1.967735162,0.122632361,"02 [-2.29,-1.59)"
0,-2.420580022,0.081616769,"01 (-Inf,-2.29)"
0,-2.434793434,0.080557712,"01 (-Inf,-2.29)"
0,-0.689126952,0.334227315,"04 [-0.71,0.65)"
1,0.197583337,0.549235761,"04 [-0.71,0.65)"
0,-0.321586719,0.420289101,"04 [-0.71,0.65)"
0,-1.456880022,0.188944982,"03 [-1.59,-0.71)"
0,-0.321586719,0.420289101,"04 [-0.71,0.65)"
0,-2.270352636,0.093608288,"02 [-2.29,-1.59)"
0,-2.481987037,0.077130643,"01 (-Inf,-2.29)"
0,-3.827332582,0.021303867,"01 (-Inf,-2.29)"
0,-0.315852967,0.421686743,"04 [-0.71,0.65)"
0,-0.828767944,0.303905645,"03 [-1.59,-0.71)"
0,-3.056364492,0.044943494,"01 (-Inf,-2.29)"
0,-3.325833752,0.034695495,"01 (-Inf,-2.29)"
0,-1.843528077,0.136634567,"02 [-2.29,-1.59)"
0,-1.992716054,0.119969813,"02 [-2.29,-1.59)"
0,-1.55876752,0.173823571,"03 [-1.59,-0.71)"
0,0.025806293,0.506451215,"04 [-0.71,0.65)"
0,-2.806296009,0.056984898,"01 (-Inf,-2.29)"
0,-0.627291835,0.348124859,"04 [-0.71,0.65)"
0,0.037063689,0.509264862,"04 [-0.71,0.65)"
0,-2.473109337,0.077764948,"01 (-Inf,-2.29)"
0,-1.702141246,0.154185813,"02 [-2.29,-1.59)"
0,-3.985896235,0.018237022,"01 (-Inf,-2.29)"
0,-0.924077942,0.284127715,"03 [-1.59,-0.71)"
0,-0.052881297,0.486782756,"04 [-0.71,0.65)"
0,-1.987235087,0.120549684,"02 [-2.29,-1.59)"
0,-0.826960894,0.304288056,"03 [-1.59,-0.71)"
0,-2.725253232,0.061499564,"01 (-Inf,-2.29)"
0,-1.69666028,0.154901955,"02 [-2.29,-1.59)"
0,-2.312126376,0.090123627,"01 (-Inf,-2.29)"
0,-0.734771262,0.324148581,"03 [-1.59,-0.71)"
0,-1.37098884,0.202460131,"03 [-1.59,-0.71)"
0,-2.207515421,0.099077629,"02 [-2.29,-1.59)"
0,-2.70571216,0.062637135,"01 (-Inf,-2.29)"
0,-1.170911228,0.236690315,"03 [-1.59,-0.71)"
0,-1.928482952,0.126918589,"02 [-2.29,-1.59)"
0,-1.987235087,0.120549684,"02 [-2.29,-1.59)"
0,-1.522417081,0.179105868,"03 [-1.59,-0.71)"
0,-4.477990364,0.011228697,"01 (-Inf,-2.29)"
0,-2.19722648,0.099999829,"02 [-2.29,-1.59)"
0,-2.814214571,0.056560863,"01 (-Inf,-2.29)"
0,-2.19485702,0.100213282,"02 [-2.29,-1.59)"
0,-2.335275395,0.088243301,"01 (-Inf,-2.29)"
0,-3.257063662,0.037073892,"01 (-Inf,-2.29)"
0,-2.473109337,0.077764948,"01 (-Inf,-2.29)"
0,-0.368969484,0.408790054,"04 [-0.71,0.65)"
0,-0.055992803,0.486005455,"04 [-0.71,0.65)"
0,-1.936409797,0.126042808,"02 [-2.29,-1.59)"
0,-2.473031098,0.077770559,"01 (-Inf,-2.29)"
0,-1.326036618,0.209815711,"03 [-1.59,-0.71)"
0,-2.985998743,0.048062426,"01 (-Inf,-2.29)"
0,0.109322695,0.527303486,"04 [-0.71,0.65)"
0,-1.090367395,0.251549102,"03 [-1.59,-0.71)"
0,-2.595243924,0.069445141,"01 (-Inf,-2.29)"
0,-3.080547935,0.043916803,"01 (-Inf,-2.29)"
0,-2.207515421,0.099077629,"02 [-2.29,-1.59)"
0,-2.433857127,0.08062709,"01 (-Inf,-2.29)"
0,-2.209884881,0.098866329,"02 [-2.29,-1.59)"
0,-2.799248516,0.057364798,"01 (-Inf,-2.29)"
0,-2.108965838,0.108228439,"02 [-2.29,-1.59)"
0,-4.459739993,0.011433141,"01 (-Inf,-2.29)"
0,-1.259348706,0.221086029,"03 [-1.59,-0.71)"
0,-2.733404333,0.061030782,"01 (-Inf,-2.29)"
0,-2.069681479,0.112078733,"02 [-2.29,-1.59)"
0,-1.470506879,0.186865583,"03 [-1.59,-0.71)"
0,-2.561546815,0.07165458,"01 (-Inf,-2.29)"
0,-1.103165324,0.249147278,"03 [-1.59,-0.71)"
0,-1.704510706,0.153877059,"02 [-2.29,-1.59)"
0,-0.872938221,0.294643287,"03 [-1.59,-0.71)"
0,-0.740252228,0.322948991,"03 [-1.59,-0.71)"
0,-0.555068527,0.364689273,"04 [-0.71,0.65)"
0,-3.560376198,0.027642309,"01 (-Inf,-2.29)"
1,-1.571297842,0.172031453,"03 [-1.59,-0.71)"
0,-1.290023992,0.21584875,"03 [-1.59,-0.71)"
0,-1.215469549,0.228734708,"03 [-1.59,-0.71)"
0,-2.937612632,0.050325249,"01 (-Inf,-2.29)"
0,-0.055992803,0.486005455,"04 [-0.71,0.65)"
0,-1.245343827,0.223507185,"03 [-1.59,-0.71)"
0,-3.825970114,0.021332293,"01 (-Inf,-2.29)"
0,-2.813483185,0.056599904,"01 (-Inf,-2.29)"
0,-4.245864764,0.014121081,"01 (-Inf,-2.29)"
0,0.377286071,0.59321837,"04 [-0.71,0.65)"
0,-0.949095481,0.279066764,"03 [-1.59,-0.71)"
0,-3.577264099,0.027191995,"01 (-Inf,-2.29)"
0,-0.535898884,0.369142121,"04 [-0.71,0.65)"
0,-1.245626402,0.223458148,"03 [-1.59,-0.71)"
0,-2.823761668,0.056053565,"01 (-Inf,-2.29)"
0,-3.092410689,0.043421394,"01 (-Inf,-2.29)"
0,-3.783398963,0.022239409,"01 (-Inf,-2.29)"
0,-1.633823932,0.163307194,"02 [-2.29,-1.59)"
0,-2.594670113,0.069482232,"01 (-Inf,-2.29)"
0,-2.079704923,0.111085101,"02 [-2.29,-1.59)"
0,-2.779828049,0.058424014,"01 (-Inf,-2.29)"
0,-2.841126794,0.055141801,"01 (-Inf,-2.29)"
0,-3.144940004,0.04129112,"01 (-Inf,-2.29)"
0,-3.92481443,0.019363454,"01 (-Inf,-2.29)"
0,-3.011068404,0.046928337,"01 (-Inf,-2.29)"
0,-2.318387494,0.089611523,"01 (-Inf,-2.29)"
0,-2.028280425,0.116265488,"02 [-2.29,-1.59)"
0,-2.318387494,0.089611523,"01 (-Inf,-2.29)"
0,-3.397454024,0.032375128,"01 (-Inf,-2.29)"
0,-1.335855127,0.208192508,"03 [-1.59,-0.71)"
0,-1.929489944,0.126807046,"02 [-2.29,-1.59)"
0,0.104201468,0.526026822,"04 [-0.71,0.65)"
0,-2.843261286,0.055030697,"01 (-Inf,-2.29)"
0,0.007231595,0.501807891,"04 [-0.71,0.65)"
0,-2.001364165,0.119059768,"02 [-2.29,-1.59)"
0,-5.224565999,0.005353877,"01 (-Inf,-2.29)"
0,-3.320595939,0.034871346,"01 (-Inf,-2.29)"
0,-1.318751527,0.211026082,"03 [-1.59,-0.71)"
0,-3.688136172,0.024407937,"01 (-Inf,-2.29)"
0,-3.535310561,0.028324065,"01 (-Inf,-2.29)"
0,-2.411644414,0.082289051,"01 (-Inf,-2.29)"
0,-3.822651174,0.021401694,"01 (-Inf,-2.29)"
0,-2.184364737,0.101163354,"02 [-2.29,-1.59)"
0,-1.675908797,0.157637972,"02 [-2.29,-1.59)"
0,-0.400384016,0.401220079,"04 [-0.71,0.65)"
0,-1.79704007,0.142211757,"02 [-2.29,-1.59)"
0,-4.399062894,0.012139668,"01 (-Inf,-2.29)"
0,-1.95928663,0.123544271,"02 [-2.29,-1.59)"
0,-1.798723052,0.142006578,"02 [-2.29,-1.59)"
1,0.272825511,0.567786432,"04 [-0.71,0.65)"
0,-3.471991171,0.03011976,"01 (-Inf,-2.29)"
0,-3.688136172,0.024407937,"01 (-Inf,-2.29)"
0,-1.345091425,0.206674022,"03 [-1.59,-0.71)"
0,-3.396074297,0.032418378,"01 (-Inf,-2.29)"
0,0.036976981,0.509243192,"04 [-0.71,0.65)"
0,-3.048740905,0.045271863,"01 (-Inf,-2.29)"
0,-2.312126376,0.090123627,"01 (-Inf,-2.29)"
0,0.275159603,0.568359139,"04 [-0.71,0.65)"
0,-3.948884853,0.018911641,"01 (-Inf,-2.29)"
0,-1.69666028,0.154901955,"02 [-2.29,-1.59)"
0,-3.209723867,0.038801432,"01 (-Inf,-2.29)"
0,-0.744767169,0.321962576,"03 [-1.59,-0.71)"
0,-2.069494582,0.112097334,"02 [-2.29,-1.59)"
0,-0.784017907,0.313454582,"03 [-1.59,-0.71)"
0,0.215862231,0.553756979,"04 [-0.71,0.65)"
0,0.780533778,0.685795144,"05 [0.65,Inf)"
0,0.916898538,0.71440974,"05 [0.65,Inf)"
0,-3.352762086,0.033804832,"01 (-Inf,-2.29)"
0,-2.41810421,0.081802537,"01 (-Inf,-2.29)"
0,-0.890674712,0.29097061,"03 [-1.59,-0.71)"
0,-1.293173604,0.21531613,"03 [-1.59,-0.71)"
0,-0.055992803,0.486005455,"04 [-0.71,0.65)"
1,1.095496337,0.749415304,"05 [0.65,Inf)"
0,-0.76985283,0.316510943,"03 [-1.59,-0.71)"
0,-0.63015818,0.347474672,"04 [-0.71,0.65)"
0,-3.320595939,0.034871346,"01 (-Inf,-2.29)"
0,0.780533778,0.685795144,"05 [0.65,Inf)"
0,0.454862338,0.611794674,"04 [-0.71,0.65)"
0,-1.668713744,0.158595746,"02 [-2.29,-1.59)"
0,0.197583337,0.549235761,"04 [-0.71,0.65)"
0,-2.811103267,0.056727117,"01 (-Inf,-2.29)"
0,-0.579645872,0.359014083,"04 [-0.71,0.65)"
1,-0.394462171,0.402643587,"04 [-0.71,0.65)"
0,-1.190505954,0.233168459,"03 [-1.59,-0.71)"
0,-1.266835697,0.21979941,"03 [-1.59,-0.71)"
0,-1.160147565,0.238640473,"03 [-1.59,-0.71)"
0,-2.575055654,0.070761152,"01 (-Inf,-2.29)"
0,-2.413885795,0.082119945,"01 (-Inf,-2.29)"
0,-2.325780204,0.089010243,"01 (-Inf,-2.29)"
0,-3.089355584,0.043548468,"01 (-Inf,-2.29)"
0,-0.965132704,0.27585172,"03 [-1.59,-0.71)"
0,-0.579645872,0.359014083,"04 [-0.71,0.65)"
0,-0.402312597,0.400756841,"04 [-0.71,0.65)"
0,-2.207515421,0.099077629,"02 [-2.29,-1.59)"
0,-2.84301903,0.055043296,"01 (-Inf,-2.29)"
0,-0.128088103,0.468021683,"04 [-0.71,0.65)"
0,0.247276763,0.561506106,"04 [-0.71,0.65)"
0,-0.623209366,0.349051884,"04 [-0.71,0.65)"
0,-2.240576564,0.096165416,"02 [-2.29,-1.59)"
0,-1.702141246,0.154185813,"02 [-2.29,-1.59)"
0,-1.702141246,0.154185813,"02 [-2.29,-1.59)"
0,0.402925862,0.599390427,"04 [-0.71,0.65)"
0,-2.575055654,0.070761152,"01 (-Inf,-2.29)"
0,-0.258097412,0.435831464,"04 [-0.71,0.65)"
0,-1.052691746,0.258708547,"03 [-1.59,-0.71)"
0,-2.438755776,0.080264716,"01 (-Inf,-2.29)"
0,-2.572627376,0.070920988,"01 (-Inf,-2.29)"
0,-1.793905335,0.142594585,"02 [-2.29,-1.59)"
0,-3.825970114,0.021332293,"01 (-Inf,-2.29)"
0,-2.06086172,0.112959457,"02 [-2.29,-1.59)"
0,-3.827332582,0.021303867,"01 (-Inf,-2.29)"
0,-2.318387494,0.089611523,"01 (-Inf,-2.29)"
0,-3.188873623,0.039586582,"01 (-Inf,-2.29)"
0,-3.720302319,0.023653595,"01 (-Inf,-2.29)"
0,-3.055002023,0.045002012,"01 (-Inf,-2.29)"
0,-0.932352,0.282447788,"03 [-1.59,-0.71)"
0,-2.207515421,0.099077629,"02 [-2.29,-1.59)"
0,-2.044302859,0.114629313,"02 [-2.29,-1.59)"
0,-0.504554092,0.376471039,"04 [-0.71,0.65)"
0,-2.432494658,0.080728142,"01 (-Inf,-2.29)"
0,-3.089355584,0.043548468,"01 (-Inf,-2.29)"
0,-3.089355584,0.043548468,"01 (-Inf,-2.29)"
0,0.524890962,0.628290724,"04 [-0.71,0.65)"
1,-0.494841961,0.37875359,"04 [-0.71,0.65)"
0,0.054411531,0.513599528,"04 [-0.71,0.65)"
0,-0.864702633,0.296357768,"03 [-1.59,-0.71)"
0,-2.318387494,0.089611523,"01 (-Inf,-2.29)"
1,-2.804883186,0.057060867,"01 (-Inf,-2.29)"
0,-1.612320657,0.16626667,"02 [-2.29,-1.59)"
0,-1.105584014,0.248695081,"03 [-1.59,-0.71)"
0,-3.178750213,0.039973267,"01 (-Inf,-2.29)"
0,-4.111457123,0.016119779,"01 (-Inf,-2.29)"
0,-1.896558109,0.130498525,"02 [-2.29,-1.59)"
0,-2.783577237,0.05821811,"01 (-Inf,-2.29)"
0,-0.290613066,0.427853785,"04 [-0.71,0.65)"
0,-0.6345634,0.346476522,"04 [-0.71,0.65)"
0,-1.481860913,0.185146504,"03 [-1.59,-0.71)"
0,-1.057290806,0.257827526,"03 [-1.59,-0.71)"
0,-0.897998439,0.289461992,"03 [-1.59,-0.71)"
0,-3.209723867,0.038801432,"01 (-Inf,-2.29)"
0,-3.089355584,0.043548468,"01 (-Inf,-2.29)"
0,-1.962254196,0.123223299,"02 [-2.29,-1.59)"
0,-4.72533391,0.008789807,"01 (-Inf,-2.29)"
0,-2.61845851,0.067959869,"01 (-Inf,-2.29)"
0,-2.069681479,0.112078733,"02 [-2.29,-1.59)"
0,-1.908888226,0.129105806,"02 [-2.29,-1.59)"
1,-1.908888226,0.129105806,"02 [-2.29,-1.59)"
0,-0.547346108,0.366480351,"04 [-0.71,0.65)"
0,-0.39368202,0.402831245,"04 [-0.71,0.65)"
0,0.336203653,0.583268051,"04 [-0.71,0.65)"
0,0.541533671,0.632169117,"04 [-0.71,0.65)"
0,-0.26427414,0.434313322,"04 [-0.71,0.65)"
0,0.528111861,0.629042626,"04 [-0.71,0.65)"
0,-1.052691746,0.258708547,"03 [-1.59,-0.71)"
0,-0.628071986,0.347947837,"04 [-0.71,0.65)"
0,-3.311670183,0.035172996,"01 (-Inf,-2.29)"
0,-1.769691816,0.145580659,"02 [-2.29,-1.59)"
0,-0.77092816,0.316278361,"03 [-1.59,-0.71)"
0,-2.348902252,0.087153067,"01 (-Inf,-2.29)"
1,0.455642489,0.611979946,"04 [-0.71,0.65)"
0,-0.539031193,0.36841298,"04 [-0.71,0.65)"
0,-2.062651147,0.112780281,"02 [-2.29,-1.59)"
0,-2.009472074,0.118211997,"02 [-2.29,-1.59)"
0,-2.433857127,0.08062709,"01 (-Inf,-2.29)"
0,-0.074271697,0.481440606,"04 [-0.71,0.65)"
0,-1.446387739,0.190558119,"03 [-1.59,-0.71)"
0,-1.456880022,0.188944982,"03 [-1.59,-0.71)"
0,-2.113084336,0.107831582,"02 [-2.29,-1.59)"
0,-2.057129792,0.113333936,"02 [-2.29,-1.59)"
0,-2.43327481,0.080670265,"01 (-Inf,-2.29)"
0,-1.065923668,0.256179062,"03 [-1.59,-0.71)"
0,-2.532734952,0.073594963,"01 (-Inf,-2.29)"
0,-1.456880022,0.188944982,"03 [-1.59,-0.71)"
0,-2.113084336,0.107831582,"02 [-2.29,-1.59)"
0,-2.062633986,0.112781999,"02 [-2.29,-1.59)"
0,0.03943315,0.50985701,"04 [-0.71,0.65)"
0,-1.999379489,0.119268087,"02 [-2.29,-1.59)"
0,-0.154681913,0.461406442,"04 [-0.71,0.65)"
0,-1.057290806,0.257827526,"03 [-1.59,-0.71)"
0,-4.66465681,0.009334527,"01 (-Inf,-2.29)"
0,-3.612875036,0.026265688,"01 (-Inf,-2.29)"
0,-2.176541768,0.101876914,"02 [-2.29,-1.59)"
0,-2.073126269,0.111736375,"02 [-2.29,-1.59)"
0,-2.120469997,0.107123108,"02 [-2.29,-1.59)"
0,-1.56029552,0.173604246,"03 [-1.59,-0.71)"
0,-2.432494658,0.080728142,"01 (-Inf,-2.29)"
0,-1.702141246,0.154185813,"02 [-2.29,-1.59)"
0,-2.578500444,0.070534978,"01 (-Inf,-2.29)"
0,1.543120209,0.823917854,"05 [0.65,Inf)"
0,-1.910771882,0.12889416,"02 [-2.29,-1.59)"
0,-1.810747374,0.140547823,"02 [-2.29,-1.59)"
0,-1.801659285,0.141649201,"02 [-2.29,-1.59)"
0,-3.106879217,0.042824384,"01 (-Inf,-2.29)"
0,-3.688136172,0.024407937,"01 (-Inf,-2.29)"
0,-2.312126376,0.090123627,"01 (-Inf,-2.29)"
0,-1.564937892,0.172939233,"03 [-1.59,-0.71)"
0,-0.924912038,0.283958091,"03 [-1.59,-0.71)"
0,-1.640676323,0.162373056,"02 [-2.29,-1.59)"
0,-3.372473133,0.033166912,"01 (-Inf,-2.29)"
0,-1.61341729,0.166114708,"02 [-2.29,-1.59)"
0,-2.335275395,0.088243301,"01 (-Inf,-2.29)"
0,-3.723125464,0.023588485,"01 (-Inf,-2.29)"
0,-3.825970114,0.021332293,"01 (-Inf,-2.29)"
0,-3.688136172,0.024407937,"01 (-Inf,-2.29)"
0,-1.807532353,0.140936628,"02 [-2.29,-1.59)"
0,-1.048613519,0.259491432,"03 [-1.59,-0.71)"
0,-3.358201813,0.03362761,"01 (-Inf,-2.29)"
0,-2.345751535,0.087404056,"01 (-Inf,-2.29)"
0,-0.604072131,0.353412608,"04 [-0.71,0.65)"
0,0.436583443,0.607444633,"04 [-0.71,0.65)"
0,-2.138989365,0.105364617,"02 [-2.29,-1.59)"
0,-0.499461176,0.377667303,"04 [-0.71,0.65)"
0,-0.120204652,0.469984969,"04 [-0.71,0.65)"
1,-0.941013564,0.280695653,"03 [-1.59,-0.71)"
1,-2.704349692,0.062717178,"01 (-Inf,-2.29)"
1,-1.481860913,0.185146504,"03 [-1.59,-0.71)"
1,-1.191286105,0.233028996,"03 [-1.59,-0.71)"
1,-1.191286105,0.233028996,"03 [-1.59,-0.71)"
0,-3.106879217,0.042824384,"01 (-Inf,-2.29)"
0,-2.113084336,0.107831582,"02 [-2.29,-1.59)"
0,-1.889103792,0.131346688,"02 [-2.29,-1.59)"
0,-2.318387494,0.089611523,"01 (-Inf,-2.29)"
0,-0.826960894,0.304288056,"03 [-1.59,-0.71)"
0,-0.905317312,0.287959015,"03 [-1.59,-0.71)"
0,-1.702141246,0.154185813,"02 [-2.29,-1.59)"
0,-1.992716054,0.119969813,"02 [-2.29,-1.59)"
0,-3.98871938,0.018186543,"01 (-Inf,-2.29)"
0,-3.688136172,0.024407937,"01 (-Inf,-2.29)"
0,-1.836891759,0.137419314,"02 [-2.29,-1.59)"
0,-0.67223905,0.337995661,"04 [-0.71,0.65)"
0,-0.055992803,0.486005455,"04 [-0.71,0.65)"
0,-0.074271697,0.481440606,"04 [-0.71,0.65)"
0,-3.211490172,0.03873561,"01 (-Inf,-2.29)"
0,-3.211490172,0.03873561,"01 (-Inf,-2.29)"
0,-4.72533391,0.008789807,"01 (-Inf,-2.29)"
0,1.062805114,0.743226241,"05 [0.65,Inf)"
1,-0.579645872,0.359014083,"04 [-0.71,0.65)"
0,-0.527498596,0.371100489,"04 [-0.71,0.65)"
1,-0.660056088,0.340727012,"04 [-0.71,0.65)"
0,-0.505334244,0.376287923,"04 [-0.71,0.65)"
0,-3.98871938,0.018186543,"01 (-Inf,-2.29)"
0,-0.258097412,0.435831464,"04 [-0.71,0.65)"
0,-1.136557667,0.242952938,"03 [-1.59,-0.71)"
0,-2.924158619,0.050972156,"01 (-Inf,-2.29)"
0,-0.836791256,0.302211013,"03 [-1.59,-0.71)"
0,-3.316477442,0.035010222,"01 (-Inf,-2.29)"
0,-0.128088103,0.468021683,"04 [-0.71,0.65)"
0,-2.062633986,0.112781999,"02 [-2.29,-1.59)"
0,-1.430286212,0.193054093,"03 [-1.59,-0.71)"
0,-4.040317572,0.017287761,"01 (-Inf,-2.29)"
0,-1.103165324,0.249147278,"03 [-1.59,-0.71)"
0,-1.057290806,0.257827526,"03 [-1.59,-0.71)"
0,1.465855171,0.812426575,"05 [0.65,Inf)"
0,-1.060442702,0.257224863,"03 [-1.59,-0.71)"
0,-2.806296009,0.056984898,"01 (-Inf,-2.29)"
0,-1.261668326,0.220686833,"03 [-1.59,-0.71)"
0,-2.543366731,0.07287338,"01 (-Inf,-2.29)"
0,-2.685927726,0.063808853,"01 (-Inf,-2.29)"
1,1.47809246,0.814284285,"05 [0.65,Inf)"
0,-1.431035622,0.192937374,"03 [-1.59,-0.71)"
0,-1.156808844,0.239247618,"03 [-1.59,-0.71)"
0,-0.176159196,0.456073736,"04 [-0.71,0.65)"
0,0.145389265,0.536283425,"04 [-0.71,0.65)"
0,-3.31100821,0.035195468,"01 (-Inf,-2.29)"
0,-2.578500444,0.070534978,"01 (-Inf,-2.29)"
0,-1.829696705,0.138274408,"02 [-2.29,-1.59)"
0,-0.794068634,0.311295723,"03 [-1.59,-0.71)"
0,-1.677628094,0.157409804,"02 [-2.29,-1.59)"
0,-0.76748337,0.317023755,"03 [-1.59,-0.71)"
0,-0.138846211,0.465344105,"04 [-0.71,0.65)"
0,-1.033077286,0.262487943,"03 [-1.59,-0.71)"
0,1.071614415,0.744903812,"05 [0.65,Inf)"
1,0.189268422,0.547176358,"04 [-0.71,0.65)"
1,0.199760704,0.549774767,"04 [-0.71,0.65)"
1,-0.573689467,0.360385936,"04 [-0.71,0.65)"
1,-0.792607332,0.311609099,"03 [-1.59,-0.71)"
1,0.398330542,0.598286489,"04 [-0.71,0.65)"
1,0.355344299,0.587912955,"04 [-0.71,0.65)"
1,-1.801659285,0.141649201,"02 [-2.29,-1.59)"
1,0.234842486,0.558442272,"04 [-0.71,0.65)"
1,-0.316105753,0.421625098,"04 [-0.71,0.65)"
0,-0.423533036,0.395671636,"04 [-0.71,0.65)"
0,-0.160603758,0.459935142,"04 [-0.71,0.65)"
0,-0.466696052,0.385398541,"04 [-0.71,0.65)"
0,-0.386285836,0.404611729,"04 [-0.71,0.65)"
0,-0.394462171,0.402643587,"04 [-0.71,0.65)"
0,-0.050511837,0.487374725,"04 [-0.71,0.65)"
0,-0.512782682,0.374541427,"04 [-0.71,0.65)"
1,0.837497058,0.697937806,"05 [0.65,Inf)"
1,2.179062312,0.89835348,"05 [0.65,Inf)"
0,0.750790976,0.679351024,"05 [0.65,Inf)"
0,-0.817348383,0.306326814,"03 [-1.59,-0.71)"
0,-0.972070226,0.274468055,"03 [-1.59,-0.71)"
0,-0.160603758,0.459935142,"04 [-0.71,0.65)"
0,-0.977551192,0.273377951,"03 [-1.59,-0.71)"
1,0.454862338,0.611794674,"04 [-0.71,0.65)"
1,-0.423533036,0.395671636,"04 [-0.71,0.65)"
0,-1.807532353,0.140936628,"02 [-2.29,-1.59)"
0,-1.68571001,0.156340849,"02 [-2.29,-1.59)"
0,-0.38080487,0.405932787,"04 [-0.71,0.65)"
1,0.189268422,0.547176358,"04 [-0.71,0.65)"
0,-0.341086644,0.415545542,"04 [-0.71,0.65)"
0,-2.91133118,0.051596256,"01 (-Inf,-2.29)"
0,-1.565341728,0.17288148,"03 [-1.59,-0.71)"
0,0.451119951,0.610905479,"04 [-0.71,0.65)"
0,0.011393965,0.50284846,"04 [-0.71,0.65)"
1,0.098065298,0.524496696,"04 [-0.71,0.65)"
0,-0.316105753,0.421625098,"04 [-0.71,0.65)"
0,0.622697691,0.650831847,"04 [-0.71,0.65)"
0,-0.972070226,0.274468055,"03 [-1.59,-0.71)"
0,-0.423533036,0.395671636,"04 [-0.71,0.65)"
0,-0.440102242,0.391716607,"04 [-0.71,0.65)"
0,-1.305373199,0.213262105,"03 [-1.59,-0.71)"
0,0.621718367,0.650609263,"04 [-0.71,0.65)"
1,0.454862338,0.611794674,"04 [-0.71,0.65)"
0,-1.009928267,0.266993889,"03 [-1.59,-0.71)"
0,-3.071889925,0.044281775,"01 (-Inf,-2.29)"
0,-0.714753507,0.328549341,"04 [-0.71,0.65)"
0,-1.810747374,0.140547823,"02 [-2.29,-1.59)"
0,0.622697691,0.650831847,"04 [-0.71,0.65)"
0,-1.305373199,0.213262105,"03 [-1.59,-0.71)"
0,-1.831715796,0.138034,"02 [-2.29,-1.59)"
0,-2.432494658,0.080728142,"01 (-Inf,-2.29)"
0,-3.618356002,0.026125871,"01 (-Inf,-2.29)"
0,-4.939681368,0.007106021,"01 (-Inf,-2.29)"
0,-0.316105753,0.421625098,"04 [-0.71,0.65)"
0,-0.341086644,0.415545542,"04 [-0.71,0.65)"
0,-0.466696052,0.385398541,"04 [-0.71,0.65)"
0,0.454862338,0.611794674,"04 [-0.71,0.65)"
0,0.454862338,0.611794674,"04 [-0.71,0.65)"
0,0.455642489,0.611979946,"04 [-0.71,0.65)"
0,0.780533778,0.685795144,"05 [0.65,Inf)"
1,-0.932352,0.282447788,"03 [-1.59,-0.71)"
0,-0.530393324,0.370425156,"04 [-0.71,0.65)"
0,0.164287531,0.540979752,"04 [-0.71,0.65)"
0,-1.305373199,0.213262105,"03 [-1.59,-0.71)"
0,-0.426977826,0.394848229,"04 [-0.71,0.65)"
0,0.533189344,0.630226668,"04 [-0.71,0.65)"
0,-1.305373199,0.213262105,"03 [-1.59,-0.71)"
1,-0.430720212,0.393954365,"04 [-0.71,0.65)"
0,-1.557259812,0.174040198,"03 [-1.59,-0.71)"
0,1.282047267,0.782798065,"05 [0.65,Inf)"
0,-2.683499448,0.063954066,"01 (-Inf,-2.29)"
0,-1.566472249,0.172719882,"03 [-1.59,-0.71)"
0,-0.120204652,0.469984969,"04 [-0.71,0.65)"
0,0.147758725,0.53687262,"04 [-0.71,0.65)"
0,-0.891296442,0.29084236,"03 [-1.59,-0.71)"
0,-2.806889554,0.056953011,"01 (-Inf,-2.29)"
0,-2.738119464,0.060761135,"01 (-Inf,-2.29)"
0,-3.320595939,0.034871346,"01 (-Inf,-2.29)"
0,0.117351844,0.529304338,"04 [-0.71,0.65)"
0,-0.757301143,0.319232504,"03 [-1.59,-0.71)"
1,-1.381301339,0.20080008,"03 [-1.59,-0.71)"
0,-2.726239497,0.061442664,"01 (-Inf,-2.29)"
0,-4.075781334,0.016695472,"01 (-Inf,-2.29)"
0,-3.154222945,0.040925205,"01 (-Inf,-2.29)"
0,-2.910823622,0.051621099,"01 (-Inf,-2.29)"
0,-1.561281785,0.173462796,"03 [-1.59,-0.71)"
0,0.091194195,0.522782762,"04 [-0.71,0.65)"
0,-1.804681108,0.141282192,"02 [-2.29,-1.59)"
0,-0.665977932,0.339398033,"04 [-0.71,0.65)"
0,-1.826875701,0.138610887,"02 [-2.29,-1.59)"
0,-2.726239497,0.061442664,"01 (-Inf,-2.29)"
0,-1.851856593,0.135655059,"02 [-2.29,-1.59)"
0,-0.730236171,0.325142904,"03 [-1.59,-0.71)"
0,-2.460645581,0.078663536,"01 (-Inf,-2.29)"
0,-1.235610345,0.225200993,"03 [-1.59,-0.71)"
0,-1.055907611,0.258092292,"03 [-1.59,-0.71)"
0,-1.055907611,0.258092292,"03 [-1.59,-0.71)"
0,-1.826875701,0.138610887,"02 [-2.29,-1.59)"
0,-1.561281785,0.173462796,"03 [-1.59,-0.71)"
0,-2.409196715,0.082474084,"01 (-Inf,-2.29)"
0,-0.851941785,0.299025683,"03 [-1.59,-0.71)"
0,-1.937747774,0.125895496,"02 [-2.29,-1.59)"
0,-3.179736478,0.039935436,"01 (-Inf,-2.29)"
0,-2.460645581,0.078663536,"01 (-Inf,-2.29)"
0,0.204970506,0.551063973,"04 [-0.71,0.65)"
0,-1.826875701,0.138610887,"02 [-2.29,-1.59)"
0,-1.772061276,0.145286176,"02 [-2.29,-1.59)"
0,-3.179736478,0.039935436,"01 (-Inf,-2.29)"
0,-0.235695537,0.441347389,"04 [-0.71,0.65)"
0,-2.073126269,0.111736375,"02 [-2.29,-1.59)"
0,-0.394462171,0.402643587,"04 [-0.71,0.65)"
0,0.218114773,0.554313538,"04 [-0.71,0.65)"
0,-0.820662443,0.30562306,"03 [-1.59,-0.71)"
1,-0.155510841,0.461200451,"04 [-0.71,0.65)"
0,-0.601334858,0.354038359,"04 [-0.71,0.65)"
0,0.215862231,0.553756979,"04 [-0.71,0.65)"
0,-0.774039465,0.315605937,"03 [-1.59,-0.71)"
0,-2.84301903,0.055043296,"01 (-Inf,-2.29)"
0,-1.37098884,0.202460131,"03 [-1.59,-0.71)"
0,-0.504186279,0.376557383,"04 [-0.71,0.65)"
0,-1.06203201,0.256921326,"03 [-1.59,-0.71)"
0,-1.702141246,0.154185813,"02 [-2.29,-1.59)"
0,-0.608594669,0.35237984,"04 [-0.71,0.65)"
0,-1.972207559,0.122151971,"02 [-2.29,-1.59)"
1,-1.425741481,0.193763078,"03 [-1.59,-0.71)"
0,-1.383729617,0.200410675,"03 [-1.59,-0.71)"
0,0.557416246,0.635854499,"04 [-0.71,0.65)"
0,-0.845106171,0.300460456,"03 [-1.59,-0.71)"
0,-3.079185466,0.043974046,"01 (-Inf,-2.29)"
0,-2.641030274,0.066544011,"01 (-Inf,-2.29)"
0,-0.909048336,0.287194617,"03 [-1.59,-0.71)"
0,-1.241168622,0.224232636,"03 [-1.59,-0.71)"
1,1.328938074,0.790664925,"05 [0.65,Inf)"
0,-0.417012909,0.397231755,"04 [-0.71,0.65)"
0,-0.517296426,0.373484637,"04 [-0.71,0.65)"
0,0.440346764,0.608341655,"04 [-0.71,0.65)"
0,-2.673376039,0.064562775,"01 (-Inf,-2.29)"
0,-2.799248516,0.057364798,"01 (-Inf,-2.29)"
0,-2.985614481,0.04808001,"01 (-Inf,-2.29)"
0,-0.045277932,0.48868245,"04 [-0.71,0.65)"
0,1.579787866,0.829174473,"05 [0.65,Inf)"
1,-2.354889854,0.086677885,"01 (-Inf,-2.29)"
1,-0.625702526,0.348485614,"04 [-0.71,0.65)"
1,0.700863251,0.668379138,"05 [0.65,Inf)"
1,1.233468071,0.774424991,"05 [0.65,Inf)"
0,-0.810170161,0.307854237,"03 [-1.59,-0.71)"
0,-2.072050939,0.111843148,"02 [-2.29,-1.59)"
0,-2.808665469,0.056857703,"01 (-Inf,-2.29)"
0,0.454862338,0.611794674,"04 [-0.71,0.65)"
0,-0.44181193,0.391309307,"04 [-0.71,0.65)"
0,-1.662889036,0.159374559,"02 [-2.29,-1.59)"
0,-1.695880129,0.15500411,"02 [-2.29,-1.59)"
0,-3.422542256,0.031598343,"01 (-Inf,-2.29)"
0,-0.26427414,0.434313322,"04 [-0.71,0.65)"
0,-0.248460908,0.438202358,"04 [-0.71,0.65)"
0,-0.78687358,0.312840366,"03 [-1.59,-0.71)"
0,-3.900005053,0.019840207,"01 (-Inf,-2.29)"
0,0.541533671,0.632169117,"04 [-0.71,0.65)"
0,-0.689126952,0.334227315,"04 [-0.71,0.65)"
0,-3.540394069,0.028184492,"01 (-Inf,-2.29)"
0,-1.170911228,0.236690315,"03 [-1.59,-0.71)"
0,-3.618356002,0.026125871,"01 (-Inf,-2.29)"
0,-0.465941025,0.385577397,"04 [-0.71,0.65)"
0,0.084891703,0.521210189,"04 [-0.71,0.65)"
0,-1.69666028,0.154901955,"02 [-2.29,-1.59)"
0,-3.507483929,0.029100039,"01 (-Inf,-2.29)"
1,0.043919248,0.510978048,"04 [-0.71,0.65)"
0,-3.688136172,0.024407937,"01 (-Inf,-2.29)"
0,-2.480624569,0.077227681,"01 (-Inf,-2.29)"
0,-2.270352636,0.093608288,"02 [-2.29,-1.59)"
0,-1.769691816,0.145580659,"02 [-2.29,-1.59)"
0,-1.879011207,0.13250249,"02 [-2.29,-1.59)"
0,-0.14418963,0.464014917,"04 [-0.71,0.65)"
0,-0.820662443,0.30562306,"03 [-1.59,-0.71)"
0,0.275398573,0.568417764,"04 [-0.71,0.65)"
1,0.215862231,0.553756979,"04 [-0.71,0.65)"
1,-1.529216554,0.178108342,"03 [-1.59,-0.71)"
1,-1.505460368,0.181612541,"03 [-1.59,-0.71)"
1,-1.438394989,0.191794017,"03 [-1.59,-0.71)"
1,1.167755342,0.762739044,"05 [0.65,Inf)"
1,-0.160603758,0.459935142,"04 [-0.71,0.65)"
1,0.902161426,0.711393474,"05 [0.65,Inf)"
1,0.046993038,0.511746098,"04 [-0.71,0.65)"
1,-0.238960176,0.440542615,"04 [-0.71,0.65)"
1,0.47470985,0.616497907,"04 [-0.71,0.65)"
1,-0.321586719,0.420289101,"04 [-0.71,0.65)"
1,-0.709633456,0.329679838,"04 [-0.71,0.65)"
1,1.235837531,0.774838645,"05 [0.65,Inf)"
1,-1.192875414,0.232745065,"03 [-1.59,-0.71)"
1,-1.881843981,0.132177214,"02 [-2.29,-1.59)"
1,-1.346482418,0.206446048,"03 [-1.59,-0.71)"
1,-1.541158285,0.176366957,"03 [-1.59,-0.71)"
1,0.557010237,0.635760485,"04 [-0.71,0.65)"
1,-0.402254006,0.400770911,"04 [-0.71,0.65)"
1,-0.055992803,0.486005455,"04 [-0.71,0.65)"
1,0.215862231,0.553756979,"04 [-0.71,0.65)"
1,0.248469342,0.561799718,"04 [-0.71,0.65)"
1,1.046907846,0.740180679,"05 [0.65,Inf)"
1,0.914529078,0.713926057,"05 [0.65,Inf)"
1,0.721236406,0.672879224,"05 [0.65,Inf)"
1,-0.157051373,0.46081766,"04 [-0.71,0.65)"
1,-1.831715796,0.138034,"02 [-2.29,-1.59)"
1,-1.016189385,0.265770327,"03 [-1.59,-0.71)"
1,-1.545905777,0.175678388,"03 [-1.59,-0.71)"
1,-0.77092816,0.316278361,"03 [-1.59,-0.71)"
1,-0.323956179,0.4197119,"04 [-0.71,0.65)"
1,0.111692155,0.527894046,"04 [-0.71,0.65)"
1,-0.702046284,0.331358697,"04 [-0.71,0.65)"
1,0.223249401,0.555581691,"04 [-0.71,0.65)"
1,-2.70571216,0.062637135,"01 (-Inf,-2.29)"
1,-0.342353559,0.415237883,"04 [-0.71,0.65)"
1,-1.502685078,0.182025395,"03 [-1.59,-0.71)"
1,0.933575958,0.717800206,"05 [0.65,Inf)"
1,-0.179662804,0.455204729,"04 [-0.71,0.65)"
1,0.823805008,0.69504344,"05 [0.65,Inf)"
1,-1.245626402,0.223458148,"03 [-1.59,-0.71)"
1,0.9738848,0.725893143,"05 [0.65,Inf)"
1,0.199760704,0.549774767,"04 [-0.71,0.65)"
1,-0.686667144,0.334774893,"04 [-0.71,0.65)"
1,0.933575958,0.717800206,"05 [0.65,Inf)"
1,-0.555068527,0.364689273,"04 [-0.71,0.65)"
1,-0.655448317,0.341762824,"04 [-0.71,0.65)"
1,-0.015378124,0.496155545,"04 [-0.71,0.65)"
1,-0.554288375,0.364870047,"04 [-0.71,0.65)"
1,-0.28097204,0.430215484,"04 [-0.71,0.65)"
1,-0.015378124,0.496155545,"04 [-0.71,0.65)"
1,0.310293316,0.576956855,"04 [-0.71,0.65)"
1,-0.359328458,0.411122137,"04 [-0.71,0.65)"
1,-0.195080858,0.451383868,"04 [-0.71,0.65)"
1,1.046907846,0.740180679,"05 [0.65,Inf)"
1,1.229661144,0.773759261,"05 [0.65,Inf)"
1,1.197916708,0.76815397,"05 [0.65,Inf)"
1,0.189268422,0.547176358,"04 [-0.71,0.65)"
1,0.085013287,0.521240531,"04 [-0.71,0.65)"
1,1.44760119,0.80962898,"05 [0.65,Inf)"
1,1.873495696,0.866862241,"05 [0.65,Inf)"
1,-0.671499603,0.338161136,"04 [-0.71,0.65)"
1,0.269678637,0.567014009,"04 [-0.71,0.65)"
1,-0.753835083,0.31998623,"03 [-1.59,-0.71)"
1,-0.867984126,0.295673937,"03 [-1.59,-0.71)"
1,-1.159180588,0.238816208,"03 [-1.59,-0.71)"
1,0.215862231,0.553756979,"04 [-0.71,0.65)"
1,-0.068790731,0.482809096,"04 [-0.71,0.65)"
1,-0.697779313,0.332304767,"04 [-0.71,0.65)"
1,0.113544785,0.528355738,"04 [-0.71,0.65)"
1,0.968359335,0.724792358,"05 [0.65,Inf)"
1,-0.055992803,0.486005455,"04 [-0.71,0.65)"
1,0.269678637,0.567014009,"04 [-0.71,0.65)"
1,-0.058362263,0.485413574,"04 [-0.71,0.65)"
1,-1.295415276,0.21493763,"03 [-1.59,-0.71)"
1,1.974304823,0.878072742,"05 [0.65,Inf)"
1,0.007231595,0.501807891,"04 [-0.71,0.65)"
1,-0.200347109,0.450080089,"04 [-0.71,0.65)"
1,0.80038129,0.690056037,"05 [0.65,Inf)"
1,0.286356057,0.571103802,"04 [-0.71,0.65)"
1,-1.704510706,0.153877059,"02 [-2.29,-1.59)"
1,-1.793905335,0.142594585,"02 [-2.29,-1.59)"
1,-1.065923668,0.256179062,"03 [-1.59,-0.71)"
1,-2.596024076,0.069394743,"01 (-Inf,-2.29)"
1,-0.44181193,0.391309307,"04 [-0.71,0.65)"
1,-0.368622151,0.408874,"04 [-0.71,0.65)"
1,-0.154681913,0.461406442,"04 [-0.71,0.65)"
1,-0.405889575,0.399898132,"04 [-0.71,0.65)"
1,-2.16826321,0.102636886,"02 [-2.29,-1.59)"
1,-0.031479651,0.492130737,"04 [-0.71,0.65)"
1,-0.505334244,0.376287923,"04 [-0.71,0.65)"
1,-2.434637278,0.080569279,"01 (-Inf,-2.29)"
1,1.203690849,0.769180714,"05 [0.65,Inf)"
1,0.321850685,0.579775212,"04 [-0.71,0.65)"
1,-1.428494943,0.193333298,"03 [-1.59,-0.71)"
1,-0.501830636,0.377110559,"04 [-0.71,0.65)"
1,1.824638732,0.861121808,"05 [0.65,Inf)"
1,-0.091845565,0.477054736,"04 [-0.71,0.65)"
1,0.261666506,0.565045912,"04 [-0.71,0.65)"
1,0.044898778,0.511222809,"04 [-0.71,0.65)"
1,0.548920841,0.633885182,"04 [-0.71,0.65)"
1,-0.368969484,0.408790054,"04 [-0.71,0.65)"
1,-1.907149152,0.129301469,"02 [-2.29,-1.59)"
1,-0.783670494,0.31352935,"03 [-1.59,-0.71)"
1,1.330295476,0.790889506,"05 [0.65,Inf)"
1,0.501501718,0.622812176,"04 [-0.71,0.65)"
1,-0.055992803,0.486005455,"04 [-0.71,0.65)"
1,-0.055992803,0.486005455,"04 [-0.71,0.65)"
1,-0.660885016,0.340540833,"04 [-0.71,0.65)"
1,-1.182476805,0.234607152,"03 [-1.59,-0.71)"
1,1.791551525,0.857117393,"05 [0.65,Inf)"
1,-0.579645872,0.359014083,"04 [-0.71,0.65)"
1,-1.541158285,0.176366957,"03 [-1.59,-0.71)"
1,0.354482548,0.587704161,"04 [-0.71,0.65)"
1,-3.189752535,0.039553179,"01 (-Inf,-2.29)"
1,0.197583337,0.549235761,"04 [-0.71,0.65)"
1,-0.76748337,0.317023755,"03 [-1.59,-0.71)"
1,-0.49398021,0.378956381,"04 [-0.71,0.65)"
1,0.702957511,0.668843164,"05 [0.65,Inf)"
1,1.123122329,0.754567417,"05 [0.65,Inf)"
1,-1.215486845,0.228731657,"03 [-1.59,-0.71)"
1,-0.703260279,0.331089779,"04 [-0.71,0.65)"
1,-1.057290806,0.257827526,"03 [-1.59,-0.71)"
1,1.411394839,0.803985853,"05 [0.65,Inf)"
1,-0.238960176,0.440542615,"04 [-0.71,0.65)"
1,-0.238960176,0.440542615,"04 [-0.71,0.65)"
1,0.818660184,0.69395186,"05 [0.65,Inf)"
1,-0.235695537,0.441347389,"04 [-0.71,0.65)"
1,0.656839589,0.658550089,"05 [0.65,Inf)"
1,0.780533778,0.685795144,"05 [0.65,Inf)"
1,-0.619404731,0.349916848,"04 [-0.71,0.65)"
1,1.330295476,0.790889506,"05 [0.65,Inf)"
1,0.882681677,0.707377622,"05 [0.65,Inf)"
1,-0.227606142,0.443342845,"04 [-0.71,0.65)"
1,1.47809246,0.814284285,"05 [0.65,Inf)"
1,0.721236406,0.672879224,"05 [0.65,Inf)"
1,0.680153988,0.663773065,"05 [0.65,Inf)"
1,-0.321586719,0.420289101,"04 [-0.71,0.65)"
1,0.684603492,0.664765374,"05 [0.65,Inf)"
1,1.251939058,0.777635341,"05 [0.65,Inf)"
1,-0.714107843,0.328691793,"04 [-0.71,0.65)"
1,-1.316260402,0.211441138,"03 [-1.59,-0.71)"
1,0.454862338,0.611794674,"04 [-0.71,0.65)"
1,0.108542543,0.527109026,"04 [-0.71,0.65)"
1,-1.033077286,0.262487943,"03 [-1.59,-0.71)"
1,-2.06086172,0.112959457,"02 [-2.29,-1.59)"
1,-0.599240598,0.354517452,"04 [-0.71,0.65)"
1,-0.018317153,0.49542084,"04 [-0.71,0.65)"
1,-2.822865215,0.056101017,"01 (-Inf,-2.29)"
1,1.394445933,0.801301063,"05 [0.65,Inf)"
1,0.215862231,0.553756979,"04 [-0.71,0.65)"
1,0.109322695,0.527303486,"04 [-0.71,0.65)"
1,0.862477949,0.703178109,"05 [0.65,Inf)"
1,1.406755449,0.803253688,"05 [0.65,Inf)"
1,0.164287531,0.540979752,"04 [-0.71,0.65)"
1,0.9738848,0.725893143,"05 [0.65,Inf)"
1,0.780533778,0.685795144,"05 [0.65,Inf)"
1,0.453273029,0.611417144,"04 [-0.71,0.65)"
1,2.01581452,0.882447527,"05 [0.65,Inf)"
1,0.453273029,0.611417144,"04 [-0.71,0.65)"
1,-0.665977932,0.339398033,"04 [-0.71,0.65)"
1,-0.058362263,0.485413574,"04 [-0.71,0.65)"
1,1.239478716,0.775473264,"05 [0.65,Inf)"
1,1.732426889,0.849722583,"05 [0.65,Inf)"
1,0.780533778,0.685795144,"05 [0.65,Inf)"
1,0.275159603,0.568359139,"04 [-0.71,0.65)"
1,0.88310238,0.707464698,"05 [0.65,Inf)"
1,1.728684502,0.849244076,"05 [0.65,Inf)"
1,-0.430720212,0.393954365,"04 [-0.71,0.65)"
1,1.239478716,0.775473264,"05 [0.65,Inf)"
1,0.734884693,0.675876268,"05 [0.65,Inf)"
1,1.046907846,0.740180679,"05 [0.65,Inf)"
1,1.277526293,0.782028402,"05 [0.65,Inf)"
1,0.968359335,0.724792358,"05 [0.65,Inf)"
1,0.780533778,0.685795144,"05 [0.65,Inf)"
1,1.375843476,0.798322615,"05 [0.65,Inf)"
1,-1.066289243,0.256109408,"03 [-1.59,-0.71)"
1,0.185526035,0.546248928,"04 [-0.71,0.65)"
1,2.399494301,0.916788733,"05 [0.65,Inf)"
1,-0.894924649,0.290094599,"03 [-1.59,-0.71)"
1,-0.049731685,0.487569641,"04 [-0.71,0.65)"
1,-0.39368202,0.402831245,"04 [-0.71,0.65)"
1,-0.049731685,0.487569641,"04 [-0.71,0.65)"
1,-2.166110068,0.102835366,"02 [-2.29,-1.59)"
1,-1.900516152,0.130050067,"02 [-2.29,-1.59)"
1,-0.394462171,0.402643587,"04 [-0.71,0.65)"
1,-0.504554092,0.376471039,"04 [-0.71,0.65)"
1,0.702957511,0.668843164,"05 [0.65,Inf)"
1,0.009804656,0.502451144,"04 [-0.71,0.65)"
1,-1.670076212,0.158414018,"02 [-2.29,-1.59)"
1,-0.39368202,0.402831245,"04 [-0.71,0.65)"
1,-1.446387739,0.190558119,"03 [-1.59,-0.71)"
1,-0.624922375,0.348662764,"04 [-0.71,0.65)"
1,-0.826960894,0.304288056,"03 [-1.59,-0.71)"
1,0.557010237,0.635760485,"04 [-0.71,0.65)"
1,-1.37098884,0.202460131,"03 [-1.59,-0.71)"
1,-2.287273546,0.092182459,"02 [-2.29,-1.59)"
1,1.505852784,0.818445776,"05 [0.65,Inf)"
1,-3.560376198,0.027642309,"01 (-Inf,-2.29)"
1,0.184135042,0.545904133,"04 [-0.71,0.65)"
1,-2.148291879,0.104490948,"02 [-2.29,-1.59)"
1,-0.018317153,0.49542084,"04 [-0.71,0.65)"
1,-1.585121338,0.170071398,"03 [-1.59,-0.71)"
1,-0.139461563,0.465191009,"04 [-0.71,0.65)"
1,-0.232862763,0.442045953,"04 [-0.71,0.65)"
1,-0.117835192,0.470575241,"04 [-0.71,0.65)"
1,1.010274932,0.73307395,"05 [0.65,Inf)"
1,1.099651836,0.750194864,"05 [0.65,Inf)"
1,-0.173789736,0.45666159,"04 [-0.71,0.65)"
1,-1.927120483,0.127069642,"02 [-2.29,-1.59)"
1,-0.579645872,0.359014083,"04 [-0.71,0.65)"
1,1.808228945,0.85914769,"05 [0.65,Inf)"
1,0.780533778,0.685795144,"05 [0.65,Inf)"
1,-1.170911228,0.236690315,"03 [-1.59,-0.71)"
1,0.98556499,0.728211035,"05 [0.65,Inf)"
1,-1.057290806,0.257827526,"03 [-1.59,-0.71)"
1,-0.055992803,0.486005455,"04 [-0.71,0.65)"
1,1.144331624,0.758474042,"05 [0.65,Inf)"
1,0.503644338,0.623315381,"04 [-0.71,0.65)"
1,-0.180268359,0.455054559,"04 [-0.71,0.65)"
1,0.933575958,0.717800206,"05 [0.65,Inf)"
1,-0.658308057,0.341119786,"04 [-0.71,0.65)"
1,2.417773196,0.918172597,"05 [0.65,Inf)"
1,-0.108337735,0.472942026,"04 [-0.71,0.65)"
1,0.6489774,0.656779985,"05 [0.65,Inf)"
1,1.007485583,0.732527785,"05 [0.65,Inf)"
1,-0.949095481,0.279066764,"03 [-1.59,-0.71)"
1,-0.805405261,0.30887047,"03 [-1.59,-0.71)"
1,-1.194501126,0.23245488,"03 [-1.59,-0.71)"
1,-0.074271697,0.481440606,"04 [-0.71,0.65)"
1,-1.057290806,0.257827526,"03 [-1.59,-0.71)"
1,0.369318743,0.591294352,"04 [-0.71,0.65)"
1,0.269678637,0.567014009,"04 [-0.71,0.65)"
1,0.162695711,0.540584445,"04 [-0.71,0.65)"
1,-2.442135684,0.080015557,"01 (-Inf,-2.29)"
1,-1.399273522,0.197931418,"03 [-1.59,-0.71)"
1,-0.335213576,0.416972623,"04 [-0.71,0.65)"
1,1.046907846,0.740180679,"05 [0.65,Inf)"
1,0.702957511,0.668843164,"05 [0.65,Inf)"
1,0.970728795,0.725264738,"05 [0.65,Inf)"
1,-1.033077286,0.262487943,"03 [-1.59,-0.71)"
1,-1.425741481,0.193763078,"03 [-1.59,-0.71)"
1,0.104990158,0.526223456,"04 [-0.71,0.65)"
1,0.390526134,0.596409349,"04 [-0.71,0.65)"
1,0.269678637,0.567014009,"04 [-0.71,0.65)"
1,1.128852017,0.755626981,"05 [0.65,Inf)"
1,-2.277772814,0.092980613,"02 [-2.29,-1.59)"
1,-1.907525758,0.129259076,"02 [-2.29,-1.59)"
1,-0.281752192,0.430024255,"04 [-0.71,0.65)"
