"LGD_R","LGD_P_pool"
0.541231530630751,"01 (-Inf,0.2488)"
0.857234410389709,"05 [0.7705,Inf)"
0.829010470371612,"04 [0.5024,0.7705)"
0.909796845366079,"02 [0.2488,0.3225)"
0.857234410389709,"05 [0.7705,Inf)"
0.103602186242086,"02 [0.2488,0.3225)"
0.103602186242086,"02 [0.2488,0.3225)"
0.773875326575278,"05 [0.7705,Inf)"
0.275354600905514,"04 [0.5024,0.7705)"
0.352462930049435,"01 (-Inf,0.2488)"
0.00122707830861698,"04 [0.5024,0.7705)"
0.352462930049435,"01 (-Inf,0.2488)"
0.275354600905514,"04 [0.5024,0.7705)"
0.352462930049435,"01 (-Inf,0.2488)"
0.00122707830861698,"04 [0.5024,0.7705)"
0.275354600905514,"04 [0.5024,0.7705)"
0.00145710692544103,"01 (-Inf,0.2488)"
0.00145710692544103,"01 (-Inf,0.2488)"
0.00145710692544103,"01 (-Inf,0.2488)"
0.801023638686821,"02 [0.2488,0.3225)"
0.37652023728359,"01 (-Inf,0.2488)"
0.287839545705482,"01 (-Inf,0.2488)"
0.287192177055072,"03 [0.3225,0.5024)"
0.287192177055072,"01 (-Inf,0.2488)"
0.382756403196477,"01 (-Inf,0.2488)"
0.287839545705482,"01 (-Inf,0.2488)"
0.287839545705482,"01 (-Inf,0.2488)"
0.00858217594655566,"04 [0.5024,0.7705)"
0.560216079626448,"03 [0.3225,0.5024)"
0.00106433725889344,"03 [0.3225,0.5024)"
0.415790391325371,"03 [0.3225,0.5024)"
0.42058210977112,"04 [0.5024,0.7705)"
0.42058210977112,"04 [0.5024,0.7705)"
0.421691119807827,"03 [0.3225,0.5024)"
0.421691119807827,"03 [0.3225,0.5024)"
0,"01 (-Inf,0.2488)"
0,"01 (-Inf,0.2488)"
0,"01 (-Inf,0.2488)"
0,"01 (-Inf,0.2488)"
0,"01 (-Inf,0.2488)"
0,"01 (-Inf,0.2488)"
0.36707596136128,"01 (-Inf,0.2488)"
0,"01 (-Inf,0.2488)"
0.36707596136128,"01 (-Inf,0.2488)"
0.487400570365504,"02 [0.2488,0.3225)"
0.418332769362395,"04 [0.5024,0.7705)"
0.380566520399785,"02 [0.2488,0.3225)"
0,"02 [0.2488,0.3225)"
0.607334580601684,"01 (-Inf,0.2488)"
0.370265722639681,"01 (-Inf,0.2488)"
0.370265722639681,"01 (-Inf,0.2488)"
0.073402311438485,"02 [0.2488,0.3225)"
0.607334580601684,"01 (-Inf,0.2488)"
0.073402311438485,"02 [0.2488,0.3225)"
0.073402311438485,"02 [0.2488,0.3225)"
0.66623165932914,"05 [0.7705,Inf)"
0.66623165932914,"05 [0.7705,Inf)"
0.666591252851341,"05 [0.7705,Inf)"
0.853258690258562,"05 [0.7705,Inf)"
0.833131615982293,"03 [0.3225,0.5024)"
0.850343113014967,"05 [0.7705,Inf)"
0.850343113014967,"05 [0.7705,Inf)"
0.833131615982293,"03 [0.3225,0.5024)"
0,"03 [0.3225,0.5024)"
0,"03 [0.3225,0.5024)"
0.533836575351705,"04 [0.5024,0.7705)"
0.533836575351705,"04 [0.5024,0.7705)"
0.00369668071796151,"03 [0.3225,0.5024)"
0,"03 [0.3225,0.5024)"
0,"01 (-Inf,0.2488)"
0,"03 [0.3225,0.5024)"
0.818763538973281,"05 [0.7705,Inf)"
0.696138532565064,"03 [0.3225,0.5024)"
0.696138532565064,"03 [0.3225,0.5024)"
0.559056357905802,"01 (-Inf,0.2488)"
0.614545470237095,"02 [0.2488,0.3225)"
0.464054238072405,"01 (-Inf,0.2488)"
0.559056357905802,"01 (-Inf,0.2488)"
0.818763538973281,"05 [0.7705,Inf)"
0.38134728384943,"01 (-Inf,0.2488)"
0.38134728384943,"03 [0.3225,0.5024)"
0.38134728384943,"01 (-Inf,0.2488)"
0.38134728384943,"03 [0.3225,0.5024)"
0.38134728384943,"03 [0.3225,0.5024)"
0.38134728384943,"03 [0.3225,0.5024)"
0.38134728384943,"03 [0.3225,0.5024)"
1.00419361467434,"03 [0.3225,0.5024)"
1.0758620527734,"05 [0.7705,Inf)"
1.0758620527734,"05 [0.7705,Inf)"
0.00885186743981227,"03 [0.3225,0.5024)"
0.00885186743981227,"03 [0.3225,0.5024)"
0.00885186743981227,"03 [0.3225,0.5024)"
0.0758586001359597,"04 [0.5024,0.7705)"
0,"01 (-Inf,0.2488)"
0,"01 (-Inf,0.2488)"
0,"01 (-Inf,0.2488)"
0,"01 (-Inf,0.2488)"
0,"01 (-Inf,0.2488)"
0.0758586001359597,"04 [0.5024,0.7705)"
0,"01 (-Inf,0.2488)"
0,"01 (-Inf,0.2488)"
0,"01 (-Inf,0.2488)"
0.93662086467452,"04 [0.5024,0.7705)"
0.904914734158457,"03 [0.3225,0.5024)"
0.963406690949505,"04 [0.5024,0.7705)"
0.93662086467452,"04 [0.5024,0.7705)"
0.208419471273931,"01 (-Inf,0.2488)"
0.211475899440417,"01 (-Inf,0.2488)"
0.208419471273931,"01 (-Inf,0.2488)"
0.202596843212658,"01 (-Inf,0.2488)"
0.211475899440417,"01 (-Inf,0.2488)"
0.846396755205262,"04 [0.5024,0.7705)"
0.870687430691557,"04 [0.5024,0.7705)"
0.82365782536773,"04 [0.5024,0.7705)"
0.851118323831449,"04 [0.5024,0.7705)"
0.645492426923568,"02 [0.2488,0.3225)"
0,"01 (-Inf,0.2488)"
0.21148046354589,"04 [0.5024,0.7705)"
0.246517429434566,"03 [0.3225,0.5024)"
0,"01 (-Inf,0.2488)"
0.0051390055975048,"02 [0.2488,0.3225)"
0.384852943482677,"01 (-Inf,0.2488)"
0.384852943482677,"01 (-Inf,0.2488)"
0.0976279400811994,"01 (-Inf,0.2488)"
0.00317529060208429,"01 (-Inf,0.2488)"
0.0051390055975048,"02 [0.2488,0.3225)"
0.0976279400811994,"01 (-Inf,0.2488)"
0.384852943482677,"01 (-Inf,0.2488)"
0,"01 (-Inf,0.2488)"
0.00300631776580312,"04 [0.5024,0.7705)"
0,"01 (-Inf,0.2488)"
1.0948044774146,"01 (-Inf,0.2488)"
1.05617469809692,"05 [0.7705,Inf)"
1.06018648561226,"03 [0.3225,0.5024)"
1.0948044774146,"01 (-Inf,0.2488)"
1.05617469809692,"05 [0.7705,Inf)"
1.05617469809692,"05 [0.7705,Inf)"
0.259168522574444,"02 [0.2488,0.3225)"
0.240730099852534,"02 [0.2488,0.3225)"
0,"01 (-Inf,0.2488)"
0.43145561678279,"02 [0.2488,0.3225)"
0.312984942396102,"01 (-Inf,0.2488)"
0,"01 (-Inf,0.2488)"
0.312984942396102,"01 (-Inf,0.2488)"
0,"01 (-Inf,0.2488)"
0.148912066092536,"01 (-Inf,0.2488)"
0.101103772490082,"01 (-Inf,0.2488)"
0.138273296329615,"01 (-Inf,0.2488)"
0.961547244996153,"04 [0.5024,0.7705)"
0.961547244996153,"04 [0.5024,0.7705)"
0.0681932412076173,"03 [0.3225,0.5024)"
0.0681932412076173,"03 [0.3225,0.5024)"
0.00940830512616103,"04 [0.5024,0.7705)"
0.82286001290529,"04 [0.5024,0.7705)"
0.00940830512616103,"04 [0.5024,0.7705)"
0.00887161599335802,"03 [0.3225,0.5024)"
0.807588267067984,"04 [0.5024,0.7705)"
0.807588267067984,"04 [0.5024,0.7705)"
0.962795464037141,"05 [0.7705,Inf)"
0.807588267067984,"04 [0.5024,0.7705)"
0.807289278109844,"05 [0.7705,Inf)"
0.00453106667016141,"03 [0.3225,0.5024)"
0.00453106667016141,"01 (-Inf,0.2488)"
0.00453106667016141,"01 (-Inf,0.2488)"
0.0120683808640536,"03 [0.3225,0.5024)"
0.0120683808640536,"03 [0.3225,0.5024)"
0.663752294265287,"03 [0.3225,0.5024)"
0.00453106667016141,"03 [0.3225,0.5024)"
0.663752294265287,"03 [0.3225,0.5024)"
0.63062420323415,"02 [0.2488,0.3225)"
0.197765144752202,"02 [0.2488,0.3225)"
0.328156190482705,"02 [0.2488,0.3225)"
0.578136306860181,"01 (-Inf,0.2488)"
1.00275257902578,"05 [0.7705,Inf)"
0.0935134057278162,"01 (-Inf,0.2488)"
0.465595036029843,"04 [0.5024,0.7705)"
0.516458498077595,"04 [0.5024,0.7705)"
0.504678229078765,"04 [0.5024,0.7705)"
0.504678229078765,"04 [0.5024,0.7705)"
0.55427463502195,"04 [0.5024,0.7705)"
0.55427463502195,"04 [0.5024,0.7705)"
0.480737480045279,"04 [0.5024,0.7705)"
0.548353715155523,"04 [0.5024,0.7705)"
0,"01 (-Inf,0.2488)"
0,"01 (-Inf,0.2488)"
0,"02 [0.2488,0.3225)"
0,"01 (-Inf,0.2488)"
0.548353715155523,"04 [0.5024,0.7705)"
1.10001153179859,"03 [0.3225,0.5024)"
0.787121858979942,"04 [0.5024,0.7705)"
0.348454435569942,"02 [0.2488,0.3225)"
0.446033118552641,"02 [0.2488,0.3225)"
0.446033118552641,"02 [0.2488,0.3225)"
0,"01 (-Inf,0.2488)"
0.0661555570153032,"01 (-Inf,0.2488)"
0,"01 (-Inf,0.2488)"
0,"01 (-Inf,0.2488)"
0,"01 (-Inf,0.2488)"
0,"01 (-Inf,0.2488)"
0,"01 (-Inf,0.2488)"
0,"01 (-Inf,0.2488)"
0,"01 (-Inf,0.2488)"
0.303112837840359,"02 [0.2488,0.3225)"
0,"01 (-Inf,0.2488)"
0,"01 (-Inf,0.2488)"
0.388203801777674,"04 [0.5024,0.7705)"
0.807812657829698,"04 [0.5024,0.7705)"
0.817493334128867,"04 [0.5024,0.7705)"
0.685219364646355,"01 (-Inf,0.2488)"
0.685219364646355,"01 (-Inf,0.2488)"
0.78325883986192,"01 (-Inf,0.2488)"
0.223218372571602,"02 [0.2488,0.3225)"
0.223218372571602,"02 [0.2488,0.3225)"
0.492415844292211,"04 [0.5024,0.7705)"
0.492415844292211,"04 [0.5024,0.7705)"
0.223218372571602,"02 [0.2488,0.3225)"
0.223218372571602,"02 [0.2488,0.3225)"
0.0300401082469841,"03 [0.3225,0.5024)"
0.0132625439143859,"03 [0.3225,0.5024)"
0.0300401082469841,"03 [0.3225,0.5024)"
0.0280009085562943,"03 [0.3225,0.5024)"
0.0280009085562943,"03 [0.3225,0.5024)"
0.0300401082469841,"03 [0.3225,0.5024)"
0.58172627263565,"01 (-Inf,0.2488)"
0.689694271492698,"05 [0.7705,Inf)"
0,"02 [0.2488,0.3225)"
0,"02 [0.2488,0.3225)"
0.58172627263565,"01 (-Inf,0.2488)"
0.58172627263565,"01 (-Inf,0.2488)"
0,"01 (-Inf,0.2488)"
0,"01 (-Inf,0.2488)"
0,"02 [0.2488,0.3225)"
0,"03 [0.3225,0.5024)"
0,"01 (-Inf,0.2488)"
0,"01 (-Inf,0.2488)"
0,"01 (-Inf,0.2488)"
0.0958522598322866,"01 (-Inf,0.2488)"
0.689886297675012,"02 [0.2488,0.3225)"
0.00599096357728027,"01 (-Inf,0.2488)"
0.0958522598322866,"01 (-Inf,0.2488)"
0.0958522598322866,"01 (-Inf,0.2488)"
0.678022445022574,"02 [0.2488,0.3225)"
1.00223699320903,"05 [0.7705,Inf)"
0.779276405987716,"04 [0.5024,0.7705)"
0.709254036830004,"04 [0.5024,0.7705)"
0.779276405987716,"04 [0.5024,0.7705)"
0.709254036830004,"04 [0.5024,0.7705)"
0.0168311906357035,"01 (-Inf,0.2488)"
0.0168311906357035,"01 (-Inf,0.2488)"
0.0168311906357035,"04 [0.5024,0.7705)"
0.699088765453643,"05 [0.7705,Inf)"
0.699088765453643,"05 [0.7705,Inf)"
0.699088765453643,"05 [0.7705,Inf)"
0,"01 (-Inf,0.2488)"
0.777439117604915,"02 [0.2488,0.3225)"
0.777439117604915,"02 [0.2488,0.3225)"
0.758767175463699,"03 [0.3225,0.5024)"
0.758767175463699,"03 [0.3225,0.5024)"
0.069617999685171,"01 (-Inf,0.2488)"
0.71763330193515,"02 [0.2488,0.3225)"
0.069617999685171,"01 (-Inf,0.2488)"
0.280325613891156,"01 (-Inf,0.2488)"
0.862613079007527,"03 [0.3225,0.5024)"
0.540957475512775,"01 (-Inf,0.2488)"
0.862613079007527,"03 [0.3225,0.5024)"
0.922312139311506,"04 [0.5024,0.7705)"
0.862613079007527,"03 [0.3225,0.5024)"
0.540957475512775,"02 [0.2488,0.3225)"
0.862613079007527,"03 [0.3225,0.5024)"
0.912778819794656,"05 [0.7705,Inf)"
0.912778819794656,"05 [0.7705,Inf)"
0.912778819794656,"05 [0.7705,Inf)"
0.0862385047255609,"01 (-Inf,0.2488)"
0.509958519150092,"05 [0.7705,Inf)"
0.0792424608630482,"01 (-Inf,0.2488)"
0,"01 (-Inf,0.2488)"
0,"01 (-Inf,0.2488)"
0.0618731889787316,"01 (-Inf,0.2488)"
0,"01 (-Inf,0.2488)"
0.0618731889787316,"01 (-Inf,0.2488)"
0.443703483660856,"01 (-Inf,0.2488)"
0.443703483660856,"01 (-Inf,0.2488)"
0.0572720947012395,"03 [0.3225,0.5024)"
0.0255961955778116,"01 (-Inf,0.2488)"
0.0257485494794818,"01 (-Inf,0.2488)"
0.0258272089529404,"01 (-Inf,0.2488)"
0.0255961955778116,"01 (-Inf,0.2488)"
0.0257485494794818,"01 (-Inf,0.2488)"
0.0255961955778116,"01 (-Inf,0.2488)"
0.0258272089529404,"01 (-Inf,0.2488)"
0.0255961955778116,"01 (-Inf,0.2488)"
0.62559811328342,"01 (-Inf,0.2488)"
0.0457386475044816,"01 (-Inf,0.2488)"
0.0457386475044816,"01 (-Inf,0.2488)"
0.775712357741349,"05 [0.7705,Inf)"
0.210529156841785,"01 (-Inf,0.2488)"
0.0701289112642206,"01 (-Inf,0.2488)"
0.0701289112642206,"01 (-Inf,0.2488)"
0.0701289112642206,"01 (-Inf,0.2488)"
0.00158727036509925,"01 (-Inf,0.2488)"
0.00158727036509925,"01 (-Inf,0.2488)"
0.905756158855077,"05 [0.7705,Inf)"
0.00158727036509925,"01 (-Inf,0.2488)"
0.00158727036509925,"01 (-Inf,0.2488)"
0.905756158855077,"05 [0.7705,Inf)"
0.00979263962618718,"01 (-Inf,0.2488)"
0.819208768137843,"04 [0.5024,0.7705)"
0.236011456895544,"01 (-Inf,0.2488)"
0.749364735054421,"01 (-Inf,0.2488)"
0.807590763764768,"04 [0.5024,0.7705)"
0.807590763764768,"04 [0.5024,0.7705)"
0.236011456895544,"02 [0.2488,0.3225)"
0.755989722713166,"02 [0.2488,0.3225)"
0,"01 (-Inf,0.2488)"
0,"03 [0.3225,0.5024)"
0.165916344752871,"01 (-Inf,0.2488)"
0.553417093360392,"04 [0.5024,0.7705)"
0.553417093360392,"04 [0.5024,0.7705)"
0.330292476861041,"04 [0.5024,0.7705)"
0.680170391858257,"05 [0.7705,Inf)"
1.03416860439504,"04 [0.5024,0.7705)"
0.934178470461858,"04 [0.5024,0.7705)"
0.934178470461858,"04 [0.5024,0.7705)"
1.02412565786124,"03 [0.3225,0.5024)"
0.934178470461858,"04 [0.5024,0.7705)"
0.680170391858257,"05 [0.7705,Inf)"
1.10129889449346,"04 [0.5024,0.7705)"
0,"04 [0.5024,0.7705)"
0.00157318651943169,"04 [0.5024,0.7705)"
0,"04 [0.5024,0.7705)"
0,"04 [0.5024,0.7705)"
0.0089558127407029,"01 (-Inf,0.2488)"
0.000968335612638489,"01 (-Inf,0.2488)"
0.0089558127407029,"01 (-Inf,0.2488)"
0.345600738461803,"02 [0.2488,0.3225)"
0.340389692836043,"01 (-Inf,0.2488)"
0.345600738461803,"02 [0.2488,0.3225)"
0.345600738461803,"02 [0.2488,0.3225)"
0.340389692836043,"01 (-Inf,0.2488)"
0.807937996098766,"05 [0.7705,Inf)"
0.345600738461803,"02 [0.2488,0.3225)"
0.340389692836043,"01 (-Inf,0.2488)"
0.236330766962696,"03 [0.3225,0.5024)"
0.236330766962696,"03 [0.3225,0.5024)"
1.00847851638743,"04 [0.5024,0.7705)"
0.236330766962696,"03 [0.3225,0.5024)"
0.846961502190287,"02 [0.2488,0.3225)"
0,"03 [0.3225,0.5024)"
0.518144691731953,"05 [0.7705,Inf)"
0.360388736345995,"01 (-Inf,0.2488)"
0.365201142758322,"01 (-Inf,0.2488)"
0.365905211905445,"02 [0.2488,0.3225)"
0.856038086238,"05 [0.7705,Inf)"
0.856038086238,"05 [0.7705,Inf)"
0.365201142758322,"01 (-Inf,0.2488)"
0.365201142758322,"01 (-Inf,0.2488)"
0.856038086238,"05 [0.7705,Inf)"
0.363516101030146,"03 [0.3225,0.5024)"
1.00726424016038,"05 [0.7705,Inf)"
0.630992135833141,"01 (-Inf,0.2488)"
0.630992135833141,"01 (-Inf,0.2488)"
1.00726424016038,"05 [0.7705,Inf)"
0.0240731205363371,"04 [0.5024,0.7705)"
0.166864815558712,"01 (-Inf,0.2488)"
0.166864815558712,"01 (-Inf,0.2488)"
0.0240731205363371,"03 [0.3225,0.5024)"
0.0240731205363371,"03 [0.3225,0.5024)"
1.02125333450119,"04 [0.5024,0.7705)"
1.02125333450119,"04 [0.5024,0.7705)"
0.0382561803994629,"01 (-Inf,0.2488)"
0.0402963847463807,"02 [0.2488,0.3225)"
0.0382561803994629,"01 (-Inf,0.2488)"
1.02125333450119,"04 [0.5024,0.7705)"
0.0212548277628499,"01 (-Inf,0.2488)"
0.0212548277628499,"03 [0.3225,0.5024)"
0.0212548277628499,"01 (-Inf,0.2488)"
0.872024973219571,"02 [0.2488,0.3225)"
0.0212548277628499,"03 [0.3225,0.5024)"
0,"01 (-Inf,0.2488)"
0.00243223476094977,"01 (-Inf,0.2488)"
0.0191275135095323,"03 [0.3225,0.5024)"
0.381781811222703,"01 (-Inf,0.2488)"
0,"01 (-Inf,0.2488)"
0.691026474586952,"05 [0.7705,Inf)"
0.691026474586952,"05 [0.7705,Inf)"
0.691026474586952,"05 [0.7705,Inf)"
0,"01 (-Inf,0.2488)"
0.691026474586952,"05 [0.7705,Inf)"
0.805968573105588,"05 [0.7705,Inf)"
0.256154034322006,"02 [0.2488,0.3225)"
0,"02 [0.2488,0.3225)"
0.281573971479955,"02 [0.2488,0.3225)"
0,"02 [0.2488,0.3225)"
0,"02 [0.2488,0.3225)"
0.721219698251535,"03 [0.3225,0.5024)"
0.93402792782852,"04 [0.5024,0.7705)"
0.935148351132249,"04 [0.5024,0.7705)"
0.93402792782852,"04 [0.5024,0.7705)"
0.721219698251535,"03 [0.3225,0.5024)"
0.93402792782852,"04 [0.5024,0.7705)"
0.935148351132249,"04 [0.5024,0.7705)"
0.0343494870526739,"03 [0.3225,0.5024)"
0.282466055661949,"03 [0.3225,0.5024)"
0.0343494870526739,"04 [0.5024,0.7705)"
0.982790477335266,"04 [0.5024,0.7705)"
0.980971812257813,"04 [0.5024,0.7705)"
0.987469116979221,"04 [0.5024,0.7705)"
0.987469116979221,"04 [0.5024,0.7705)"
0.582865164865644,"04 [0.5024,0.7705)"
0.237644932380598,"01 (-Inf,0.2488)"
0.237644932380598,"01 (-Inf,0.2488)"
0.584626544705576,"04 [0.5024,0.7705)"
0.823397490817532,"02 [0.2488,0.3225)"
0.296422805701836,"01 (-Inf,0.2488)"
0,"02 [0.2488,0.3225)"
0.255668404801657,"01 (-Inf,0.2488)"
0,"02 [0.2488,0.3225)"
0.0257332449251141,"01 (-Inf,0.2488)"
0.0257332449251141,"01 (-Inf,0.2488)"
0.0257332449251141,"01 (-Inf,0.2488)"
0.202306327973423,"01 (-Inf,0.2488)"
0,"01 (-Inf,0.2488)"
0,"01 (-Inf,0.2488)"
0,"01 (-Inf,0.2488)"
0.338551081000924,"03 [0.3225,0.5024)"
0.581230929481197,"05 [0.7705,Inf)"
0.580288980069594,"05 [0.7705,Inf)"
0.596726448246053,"05 [0.7705,Inf)"
0.596726448246053,"05 [0.7705,Inf)"
0.580288980069594,"05 [0.7705,Inf)"
0.580288980069594,"05 [0.7705,Inf)"
0.580288980069594,"05 [0.7705,Inf)"
0.82485129561189,"02 [0.2488,0.3225)"
1.05959011518576,"04 [0.5024,0.7705)"
0.678718788235092,"04 [0.5024,0.7705)"
1.05328021450652,"04 [0.5024,0.7705)"
1.05959011518576,"04 [0.5024,0.7705)"
0,"01 (-Inf,0.2488)"
0,"01 (-Inf,0.2488)"
0.548072533187504,"04 [0.5024,0.7705)"
0.958805609193696,"05 [0.7705,Inf)"
1.00760422071616,"05 [0.7705,Inf)"
1.00760422071616,"05 [0.7705,Inf)"
0.958468202812235,"05 [0.7705,Inf)"
0.996982652540286,"05 [0.7705,Inf)"
1.00366933377023,"03 [0.3225,0.5024)"
0.207161063158883,"01 (-Inf,0.2488)"
0.473082944957063,"01 (-Inf,0.2488)"
0,"01 (-Inf,0.2488)"
0,"01 (-Inf,0.2488)"
0,"01 (-Inf,0.2488)"
0,"01 (-Inf,0.2488)"
0.0106433068813884,"01 (-Inf,0.2488)"
0.0109483287290241,"01 (-Inf,0.2488)"
0.0109483287290241,"01 (-Inf,0.2488)"
0.804851846477594,"05 [0.7705,Inf)"
0.0109483287290241,"01 (-Inf,0.2488)"
0.10740832299322,"01 (-Inf,0.2488)"
0.10740832299322,"01 (-Inf,0.2488)"
0.10740832299322,"01 (-Inf,0.2488)"
0.344273712690211,"02 [0.2488,0.3225)"
0,"02 [0.2488,0.3225)"
0,"02 [0.2488,0.3225)"
0.290379479615314,"02 [0.2488,0.3225)"
0,"02 [0.2488,0.3225)"
0.135730332044018,"01 (-Inf,0.2488)"
0.0239873629750744,"01 (-Inf,0.2488)"
0.135730332044018,"01 (-Inf,0.2488)"
0.0226959806606677,"01 (-Inf,0.2488)"
0.0239873629750744,"01 (-Inf,0.2488)"
0.0226959806606677,"01 (-Inf,0.2488)"
0.0510944955250287,"01 (-Inf,0.2488)"
0.639511950822564,"04 [0.5024,0.7705)"
1.22112688543453,"04 [0.5024,0.7705)"
0.639511950822564,"04 [0.5024,0.7705)"
0.639511950822564,"04 [0.5024,0.7705)"
1.03369105818275,"03 [0.3225,0.5024)"
0.381518138739232,"02 [0.2488,0.3225)"
0.381518138739232,"02 [0.2488,0.3225)"
0.381518138739232,"02 [0.2488,0.3225)"
0.0270420209346607,"01 (-Inf,0.2488)"
0.0270420209346607,"01 (-Inf,0.2488)"
0.0270420209346607,"01 (-Inf,0.2488)"
0.701222876237081,"01 (-Inf,0.2488)"
0,"01 (-Inf,0.2488)"
0,"01 (-Inf,0.2488)"
0,"01 (-Inf,0.2488)"
0.0336398444094217,"01 (-Inf,0.2488)"
0.198924196263152,"02 [0.2488,0.3225)"
0,"01 (-Inf,0.2488)"
0,"01 (-Inf,0.2488)"
0,"01 (-Inf,0.2488)"
0,"01 (-Inf,0.2488)"
0,"01 (-Inf,0.2488)"
0.56939567457261,"02 [0.2488,0.3225)"
0.56939567457261,"02 [0.2488,0.3225)"
0,"02 [0.2488,0.3225)"
0.56939567457261,"02 [0.2488,0.3225)"
0,"01 (-Inf,0.2488)"
0.437318971079335,"03 [0.3225,0.5024)"
0.437318971079335,"03 [0.3225,0.5024)"
0.847459507003955,"04 [0.5024,0.7705)"
0.437318971079335,"03 [0.3225,0.5024)"
0.847459507003955,"04 [0.5024,0.7705)"
1.06504004659127,"04 [0.5024,0.7705)"
0.0340850304840633,"01 (-Inf,0.2488)"
0.337657282001379,"01 (-Inf,0.2488)"
1.22563830259469,"05 [0.7705,Inf)"
0.869476105747579,"03 [0.3225,0.5024)"
1.22563830259469,"05 [0.7705,Inf)"
1.04139559417907,"05 [0.7705,Inf)"
1.0138769268934,"04 [0.5024,0.7705)"
0.601122449291942,"01 (-Inf,0.2488)"
0.64540269301822,"01 (-Inf,0.2488)"
0.862967057916804,"01 (-Inf,0.2488)"
0.601122449291942,"01 (-Inf,0.2488)"
0.601122449291942,"01 (-Inf,0.2488)"
0.601122449291942,"01 (-Inf,0.2488)"
0,"02 [0.2488,0.3225)"
0.946633200996902,"04 [0.5024,0.7705)"
0.798738675785345,"04 [0.5024,0.7705)"
1.00831326100282,"05 [0.7705,Inf)"
0.946633200996902,"04 [0.5024,0.7705)"
0.798738675785345,"04 [0.5024,0.7705)"
1.10255971551107,"05 [0.7705,Inf)"
0.916056373695784,"01 (-Inf,0.2488)"
0.916056373695784,"01 (-Inf,0.2488)"
0.916056373695784,"01 (-Inf,0.2488)"
1.24096023870831,"04 [0.5024,0.7705)"
1.20734923539961,"05 [0.7705,Inf)"
1.47211317938481,"05 [0.7705,Inf)"
1.24096023870831,"04 [0.5024,0.7705)"
1.20734923539961,"05 [0.7705,Inf)"
1.20734923539961,"05 [0.7705,Inf)"
0.244401596677939,"02 [0.2488,0.3225)"
0.315058078766837,"02 [0.2488,0.3225)"
0.244401596677939,"02 [0.2488,0.3225)"
0.190361346072759,"02 [0.2488,0.3225)"
0.676878155836842,"05 [0.7705,Inf)"
0.781842930518234,"05 [0.7705,Inf)"
0.813600180333953,"05 [0.7705,Inf)"
0.676878155836842,"05 [0.7705,Inf)"
0.676878155836842,"05 [0.7705,Inf)"
0.781842930518234,"05 [0.7705,Inf)"
0,"04 [0.5024,0.7705)"
0.466555146493824,"04 [0.5024,0.7705)"
1.00937962255089,"05 [0.7705,Inf)"
0.989374374734202,"05 [0.7705,Inf)"
1.0064213622235,"05 [0.7705,Inf)"
0.989374374734202,"05 [0.7705,Inf)"
1.0064213622235,"05 [0.7705,Inf)"
0.00228636602345494,"01 (-Inf,0.2488)"
0,"01 (-Inf,0.2488)"
0.293079307463099,"02 [0.2488,0.3225)"
0.293079307463099,"05 [0.7705,Inf)"
0.294181897102026,"03 [0.3225,0.5024)"
0.994749151599956,"03 [0.3225,0.5024)"
0.750079498132905,"02 [0.2488,0.3225)"
0.677235818599709,"02 [0.2488,0.3225)"
0,"01 (-Inf,0.2488)"
0,"01 (-Inf,0.2488)"
1.04852287857175,"05 [0.7705,Inf)"
1.04166994587496,"05 [0.7705,Inf)"
0.971795587286746,"05 [0.7705,Inf)"
0.971795587286746,"05 [0.7705,Inf)"
0.971795587286746,"05 [0.7705,Inf)"
0.466308435629604,"05 [0.7705,Inf)"
0.00340080277267225,"01 (-Inf,0.2488)"
0.466308435629604,"05 [0.7705,Inf)"
0,"01 (-Inf,0.2488)"
0.00340080277267225,"01 (-Inf,0.2488)"
0.466308435629604,"05 [0.7705,Inf)"
0.196642207689338,"01 (-Inf,0.2488)"
0.196642207689338,"01 (-Inf,0.2488)"
0.873729779089309,"01 (-Inf,0.2488)"
0.196642207689338,"01 (-Inf,0.2488)"
0.505618765619777,"03 [0.3225,0.5024)"
0,"02 [0.2488,0.3225)"
0,"02 [0.2488,0.3225)"
0,"02 [0.2488,0.3225)"
0.763612097303989,"05 [0.7705,Inf)"
0.763895809460943,"04 [0.5024,0.7705)"
0.911172715273395,"05 [0.7705,Inf)"
0.7789495626741,"04 [0.5024,0.7705)"
0.394781896970169,"04 [0.5024,0.7705)"
0.7789495626741,"04 [0.5024,0.7705)"
0.718810141765374,"01 (-Inf,0.2488)"
0.7789495626741,"04 [0.5024,0.7705)"
0.783569753996703,"04 [0.5024,0.7705)"
0.885200432013652,"04 [0.5024,0.7705)"
0.791938670464406,"04 [0.5024,0.7705)"
0.0426266807804967,"02 [0.2488,0.3225)"
0,"02 [0.2488,0.3225)"
0,"01 (-Inf,0.2488)"
0.0777702822205698,"01 (-Inf,0.2488)"
0,"01 (-Inf,0.2488)"
0.65492798384788,"01 (-Inf,0.2488)"
0.171162492256485,"01 (-Inf,0.2488)"
0.971153920439228,"05 [0.7705,Inf)"
0.856367700688115,"05 [0.7705,Inf)"
0,"01 (-Inf,0.2488)"
0,"01 (-Inf,0.2488)"
0.473287523184173,"01 (-Inf,0.2488)"
0,"01 (-Inf,0.2488)"
0,"01 (-Inf,0.2488)"
0.473287523184173,"01 (-Inf,0.2488)"
0,"01 (-Inf,0.2488)"
0,"01 (-Inf,0.2488)"
0,"01 (-Inf,0.2488)"
0,"01 (-Inf,0.2488)"
0.000733194687704424,"01 (-Inf,0.2488)"
0.484878072944972,"02 [0.2488,0.3225)"
0.48485152499913,"02 [0.2488,0.3225)"
0.964575618201028,"04 [0.5024,0.7705)"
0.964575618201028,"04 [0.5024,0.7705)"
1.07319681326147,"05 [0.7705,Inf)"
0.058659299696771,"01 (-Inf,0.2488)"
0.0430742363476598,"01 (-Inf,0.2488)"
0.0444157334583572,"02 [0.2488,0.3225)"
1.02685588771603,"04 [0.5024,0.7705)"
1.00131444805477,"04 [0.5024,0.7705)"
0.705909443342193,"04 [0.5024,0.7705)"
1.00131444805477,"04 [0.5024,0.7705)"
0.605417426294812,"04 [0.5024,0.7705)"
0.0714161423889172,"01 (-Inf,0.2488)"
0.0714161423889172,"01 (-Inf,0.2488)"
0.605417426294812,"04 [0.5024,0.7705)"
0.0706677361676379,"02 [0.2488,0.3225)"
0.0706677361676379,"02 [0.2488,0.3225)"
0.904076122513391,"03 [0.3225,0.5024)"
1.07508696109433,"03 [0.3225,0.5024)"
1.09737312923298,"04 [0.5024,0.7705)"
1.07508696109433,"03 [0.3225,0.5024)"
0.000289804101380119,"01 (-Inf,0.2488)"
8.8754560458084e-06,"01 (-Inf,0.2488)"
0.000103112070553966,"01 (-Inf,0.2488)"
0.048280278152557,"02 [0.2488,0.3225)"
0.0474979044077518,"02 [0.2488,0.3225)"
0.0474979044077518,"02 [0.2488,0.3225)"
0.0733147588607251,"02 [0.2488,0.3225)"
0,"01 (-Inf,0.2488)"
0,"01 (-Inf,0.2488)"
0,"01 (-Inf,0.2488)"
0,"01 (-Inf,0.2488)"
0.130181236611344,"03 [0.3225,0.5024)"
0,"01 (-Inf,0.2488)"
0.988773862823993,"05 [0.7705,Inf)"
0.192764724894086,"02 [0.2488,0.3225)"
0.192764724894086,"02 [0.2488,0.3225)"
0.814295445716274,"02 [0.2488,0.3225)"
0.192764724894086,"02 [0.2488,0.3225)"
0.81463091224346,"02 [0.2488,0.3225)"
0,"01 (-Inf,0.2488)"
0,"01 (-Inf,0.2488)"
0.499812272884665,"03 [0.3225,0.5024)"
0.346264156961828,"03 [0.3225,0.5024)"
0.00182003893712542,"01 (-Inf,0.2488)"
0.346264156961828,"03 [0.3225,0.5024)"
0.00182003893712542,"03 [0.3225,0.5024)"
0.346264156961828,"03 [0.3225,0.5024)"
0.917803622277482,"04 [0.5024,0.7705)"
0.917803622277482,"04 [0.5024,0.7705)"
1.14164217450238,"04 [0.5024,0.7705)"
1.03222256317777,"04 [0.5024,0.7705)"
0,"01 (-Inf,0.2488)"
0,"01 (-Inf,0.2488)"
0,"02 [0.2488,0.3225)"
0,"01 (-Inf,0.2488)"
0,"01 (-Inf,0.2488)"
0,"01 (-Inf,0.2488)"
0,"01 (-Inf,0.2488)"
0,"01 (-Inf,0.2488)"
0,"01 (-Inf,0.2488)"
0.773859682350293,"05 [0.7705,Inf)"
0.671022617434154,"03 [0.3225,0.5024)"
0.671152583220748,"03 [0.3225,0.5024)"
0.540164660768703,"05 [0.7705,Inf)"
0.670521342650902,"02 [0.2488,0.3225)"
0.641948269264622,"02 [0.2488,0.3225)"
0.430258540096461,"01 (-Inf,0.2488)"
0.313218609036049,"02 [0.2488,0.3225)"
0.313218609036049,"02 [0.2488,0.3225)"
0,"01 (-Inf,0.2488)"
0,"01 (-Inf,0.2488)"
0,"01 (-Inf,0.2488)"
0,"01 (-Inf,0.2488)"
0.941638178127624,"02 [0.2488,0.3225)"
0.782010621655306,"04 [0.5024,0.7705)"
0.581984541344149,"01 (-Inf,0.2488)"
0.581984541344149,"01 (-Inf,0.2488)"
0.581984541344149,"01 (-Inf,0.2488)"
0,"02 [0.2488,0.3225)"
0,"02 [0.2488,0.3225)"
0.000621730178802702,"01 (-Inf,0.2488)"
0.0315098417172727,"01 (-Inf,0.2488)"
0.0315098417172727,"01 (-Inf,0.2488)"
0.987570469337972,"05 [0.7705,Inf)"
0.0315098417172727,"01 (-Inf,0.2488)"
0.0315098417172727,"01 (-Inf,0.2488)"
0,"01 (-Inf,0.2488)"
0,"01 (-Inf,0.2488)"
0,"01 (-Inf,0.2488)"
0.11814564281497,"01 (-Inf,0.2488)"
0.64897625956036,"03 [0.3225,0.5024)"
0.64897625956036,"03 [0.3225,0.5024)"
0.64897625956036,"03 [0.3225,0.5024)"
0.11814564281497,"01 (-Inf,0.2488)"
0.11814564281497,"01 (-Inf,0.2488)"
0.120775229531393,"03 [0.3225,0.5024)"
0.120775229531393,"03 [0.3225,0.5024)"
0.00965778132351612,"01 (-Inf,0.2488)"
0.00965778132351612,"01 (-Inf,0.2488)"
0.00965778132351612,"01 (-Inf,0.2488)"
0.00965778132351612,"01 (-Inf,0.2488)"
0.00965778132351612,"01 (-Inf,0.2488)"
0.622254377603556,"04 [0.5024,0.7705)"
0.622254377603556,"04 [0.5024,0.7705)"
0.622254377603556,"04 [0.5024,0.7705)"
0,"01 (-Inf,0.2488)"
0.622254377603556,"04 [0.5024,0.7705)"
0.00451203235108887,"02 [0.2488,0.3225)"
0.304461316999783,"02 [0.2488,0.3225)"
0.299257956282355,"02 [0.2488,0.3225)"
0.00348230737279647,"04 [0.5024,0.7705)"
0.00988303967509093,"01 (-Inf,0.2488)"
0,"01 (-Inf,0.2488)"
0.499484369913835,"04 [0.5024,0.7705)"
0,"01 (-Inf,0.2488)"
0.508271426451318,"04 [0.5024,0.7705)"
1.03680800897317,"04 [0.5024,0.7705)"
1.02121901173878,"03 [0.3225,0.5024)"
1.38250774821863,"05 [0.7705,Inf)"
0,"03 [0.3225,0.5024)"
0.160547863430286,"03 [0.3225,0.5024)"
0,"03 [0.3225,0.5024)"
0,"03 [0.3225,0.5024)"
0.00120696464386282,"02 [0.2488,0.3225)"
0.00120696464386282,"02 [0.2488,0.3225)"
0.453318391790351,"03 [0.3225,0.5024)"
0,"04 [0.5024,0.7705)"
0.00584008441236671,"01 (-Inf,0.2488)"
0.0121161803436872,"04 [0.5024,0.7705)"
0.00377892353873396,"01 (-Inf,0.2488)"
0.00377892353873396,"01 (-Inf,0.2488)"
0.606237027892612,"04 [0.5024,0.7705)"
0.793812886248315,"03 [0.3225,0.5024)"
0.793812886248315,"03 [0.3225,0.5024)"
0,"01 (-Inf,0.2488)"
0,"01 (-Inf,0.2488)"
0.0428607825067119,"02 [0.2488,0.3225)"
0.864889486733126,"05 [0.7705,Inf)"
0.737214194068233,"02 [0.2488,0.3225)"
0.864889486733126,"05 [0.7705,Inf)"
0.65301785071165,"04 [0.5024,0.7705)"
0.0428607825067119,"02 [0.2488,0.3225)"
0.512041257847059,"04 [0.5024,0.7705)"
0.0428607825067119,"02 [0.2488,0.3225)"
0.940454570451626,"05 [0.7705,Inf)"
0.962085180723774,"04 [0.5024,0.7705)"
1.05308684165413,"04 [0.5024,0.7705)"
0.366007525819487,"01 (-Inf,0.2488)"
1.01242765653221,"05 [0.7705,Inf)"
0.862012036602504,"05 [0.7705,Inf)"
0.125470618698173,"02 [0.2488,0.3225)"
0.184722024668511,"02 [0.2488,0.3225)"
0.00129740587021013,"02 [0.2488,0.3225)"
0,"01 (-Inf,0.2488)"
0,"01 (-Inf,0.2488)"
0.00129740587021013,"02 [0.2488,0.3225)"
0.283456589691169,"02 [0.2488,0.3225)"
0.283456589691169,"02 [0.2488,0.3225)"
0.0384697249309641,"01 (-Inf,0.2488)"
0.0384697249309641,"01 (-Inf,0.2488)"
0.0384697249309641,"01 (-Inf,0.2488)"
0.208991716584083,"03 [0.3225,0.5024)"
0,"01 (-Inf,0.2488)"
0.443789432023091,"01 (-Inf,0.2488)"
0.961717474901851,"05 [0.7705,Inf)"
0.307916431974538,"04 [0.5024,0.7705)"
0.961717474901851,"05 [0.7705,Inf)"
0.961717474901851,"05 [0.7705,Inf)"
0.531991065880753,"01 (-Inf,0.2488)"
0.735246262580928,"01 (-Inf,0.2488)"
0.735246262580928,"01 (-Inf,0.2488)"
0,"01 (-Inf,0.2488)"
0.617625013891987,"05 [0.7705,Inf)"
0.617625013891987,"05 [0.7705,Inf)"
0.954306974590557,"05 [0.7705,Inf)"
0.110703255824915,"03 [0.3225,0.5024)"
0.110703255824915,"04 [0.5024,0.7705)"
0.646008539060027,"02 [0.2488,0.3225)"
0.623322442748814,"03 [0.3225,0.5024)"
0.110703255824915,"03 [0.3225,0.5024)"
0.110703255824915,"03 [0.3225,0.5024)"
0.110703255824915,"03 [0.3225,0.5024)"
0.110703255824915,"04 [0.5024,0.7705)"
0.110703255824915,"03 [0.3225,0.5024)"
0.437974344485996,"01 (-Inf,0.2488)"
0,"02 [0.2488,0.3225)"
0.100536629652952,"01 (-Inf,0.2488)"
0,"01 (-Inf,0.2488)"
0,"01 (-Inf,0.2488)"
0.75469722081329,"04 [0.5024,0.7705)"
0,"02 [0.2488,0.3225)"
0.75469722081329,"04 [0.5024,0.7705)"
0,"01 (-Inf,0.2488)"
0,"01 (-Inf,0.2488)"
0,"02 [0.2488,0.3225)"
0.75432677150316,"05 [0.7705,Inf)"
0.422149553701095,"04 [0.5024,0.7705)"
0.0239760983239001,"01 (-Inf,0.2488)"
0.422149553701095,"04 [0.5024,0.7705)"
0.422149553701095,"04 [0.5024,0.7705)"
0.0239760983239001,"01 (-Inf,0.2488)"
0.814052389140306,"02 [0.2488,0.3225)"
0.804879270014601,"02 [0.2488,0.3225)"
0.711347661939356,"02 [0.2488,0.3225)"
0.831135811131217,"02 [0.2488,0.3225)"
0,"03 [0.3225,0.5024)"
0.0757050365579909,"03 [0.3225,0.5024)"
0,"02 [0.2488,0.3225)"
0,"02 [0.2488,0.3225)"
0,"01 (-Inf,0.2488)"
0,"02 [0.2488,0.3225)"
0,"01 (-Inf,0.2488)"
0,"01 (-Inf,0.2488)"
0,"01 (-Inf,0.2488)"
0,"01 (-Inf,0.2488)"
0.78430316101939,"02 [0.2488,0.3225)"
0.354726346697886,"02 [0.2488,0.3225)"
0.709757812869483,"05 [0.7705,Inf)"
0.170836899792262,"03 [0.3225,0.5024)"
0.78430316101939,"02 [0.2488,0.3225)"
0.984455508315637,"04 [0.5024,0.7705)"
0.968477632041961,"04 [0.5024,0.7705)"
1.00097812331764,"04 [0.5024,0.7705)"
0.989256446710698,"04 [0.5024,0.7705)"
0.989256446710698,"04 [0.5024,0.7705)"
0.072524475607214,"01 (-Inf,0.2488)"
0.500839362733618,"01 (-Inf,0.2488)"
0.072524475607214,"01 (-Inf,0.2488)"
0.500839362733618,"01 (-Inf,0.2488)"
0.0672943597321802,"01 (-Inf,0.2488)"
0.0641294831565639,"01 (-Inf,0.2488)"
0.0672943597321802,"01 (-Inf,0.2488)"
0.0151590698285353,"01 (-Inf,0.2488)"
0.0151590698285353,"01 (-Inf,0.2488)"
0.0151590698285353,"01 (-Inf,0.2488)"
0.410442173043503,"01 (-Inf,0.2488)"
0.410442173043503,"01 (-Inf,0.2488)"
0.984170755734663,"05 [0.7705,Inf)"
0.986021109934624,"05 [0.7705,Inf)"
0.995378397050402,"05 [0.7705,Inf)"
0.0707910117373498,"02 [0.2488,0.3225)"
0,"03 [0.3225,0.5024)"
0,"01 (-Inf,0.2488)"
0.951374712853323,"01 (-Inf,0.2488)"
1.00134651169969,"05 [0.7705,Inf)"
1.27139891782734,"04 [0.5024,0.7705)"
1.27139891782734,"04 [0.5024,0.7705)"
1.00208650606176,"04 [0.5024,0.7705)"
1.27139891782734,"04 [0.5024,0.7705)"
1.23480005149039,"04 [0.5024,0.7705)"
0,"01 (-Inf,0.2488)"
0.24400946265054,"04 [0.5024,0.7705)"
0,"01 (-Inf,0.2488)"
0.000527138768324936,"02 [0.2488,0.3225)"
0,"01 (-Inf,0.2488)"
0,"01 (-Inf,0.2488)"
0.0461403165444505,"01 (-Inf,0.2488)"
0,"01 (-Inf,0.2488)"
0,"01 (-Inf,0.2488)"
0,"02 [0.2488,0.3225)"
0,"02 [0.2488,0.3225)"
0.932808413093895,"02 [0.2488,0.3225)"
0.932808413093895,"02 [0.2488,0.3225)"
1.00451655646629,"02 [0.2488,0.3225)"
0.000398934876580308,"01 (-Inf,0.2488)"
0.971501466518243,"01 (-Inf,0.2488)"
0.000398934876580308,"01 (-Inf,0.2488)"
0.00327983117090497,"01 (-Inf,0.2488)"
0.49437706206228,"03 [0.3225,0.5024)"
0.468465411587679,"02 [0.2488,0.3225)"
0.467230981974059,"04 [0.5024,0.7705)"
1.05611677946171,"04 [0.5024,0.7705)"
0.467230981974059,"03 [0.3225,0.5024)"
0.152597865049481,"02 [0.2488,0.3225)"
0.195435705651519,"02 [0.2488,0.3225)"
0.167741207024406,"02 [0.2488,0.3225)"
0.167741207024406,"02 [0.2488,0.3225)"
0,"02 [0.2488,0.3225)"
0.255030285868387,"05 [0.7705,Inf)"
0.149680556777699,"01 (-Inf,0.2488)"
0.255030285868387,"05 [0.7705,Inf)"
0.149680556777699,"01 (-Inf,0.2488)"
0.149680556777699,"01 (-Inf,0.2488)"
0.811140352777935,"05 [0.7705,Inf)"
0.774826980570231,"05 [0.7705,Inf)"
0.7821525360508,"05 [0.7705,Inf)"
0.678891520022928,"05 [0.7705,Inf)"
0.533187488364801,"03 [0.3225,0.5024)"
0.612037353100384,"04 [0.5024,0.7705)"
0.725631067787912,"01 (-Inf,0.2488)"
0.0415084441293059,"01 (-Inf,0.2488)"
0.657073313268829,"05 [0.7705,Inf)"
0.319694150589985,"05 [0.7705,Inf)"
0.604258385617386,"05 [0.7705,Inf)"
0.657073313268829,"05 [0.7705,Inf)"
1.30936405456637,"05 [0.7705,Inf)"
1.32342518020614,"04 [0.5024,0.7705)"
1.31434652841715,"05 [0.7705,Inf)"
1.30936405456637,"05 [0.7705,Inf)"
1.01573292174218,"03 [0.3225,0.5024)"
0.241521863944614,"02 [0.2488,0.3225)"
0.241521863944614,"02 [0.2488,0.3225)"
0,"01 (-Inf,0.2488)"
0.349112829124093,"02 [0.2488,0.3225)"
0.447117081813311,"01 (-Inf,0.2488)"
0.447117081813311,"01 (-Inf,0.2488)"
0.88938412434116,"05 [0.7705,Inf)"
0.340790921832486,"02 [0.2488,0.3225)"
0.889088185021372,"05 [0.7705,Inf)"
0.000181891157646338,"01 (-Inf,0.2488)"
0,"01 (-Inf,0.2488)"
0,"01 (-Inf,0.2488)"
0,"01 (-Inf,0.2488)"
0,"01 (-Inf,0.2488)"
0,"01 (-Inf,0.2488)"
0.0793087357982164,"01 (-Inf,0.2488)"
0,"01 (-Inf,0.2488)"
0,"01 (-Inf,0.2488)"
0,"01 (-Inf,0.2488)"
0.00988253550532379,"03 [0.3225,0.5024)"
0.278594428905846,"02 [0.2488,0.3225)"
0.818168730710251,"04 [0.5024,0.7705)"
0.918313352572634,"02 [0.2488,0.3225)"
0.278594428905846,"02 [0.2488,0.3225)"
0.533592405918806,"04 [0.5024,0.7705)"
0.773637292074103,"05 [0.7705,Inf)"
0.983770271912965,"05 [0.7705,Inf)"
0.00512166863515056,"04 [0.5024,0.7705)"
0.378118008509377,"04 [0.5024,0.7705)"
0.0856643003340917,"01 (-Inf,0.2488)"
0.97337093516772,"05 [0.7705,Inf)"
0,"01 (-Inf,0.2488)"
0.183272420490739,"03 [0.3225,0.5024)"
0,"01 (-Inf,0.2488)"
0,"01 (-Inf,0.2488)"
0.0280659950052705,"01 (-Inf,0.2488)"
0.0280659950052705,"01 (-Inf,0.2488)"
0.0280659950052705,"01 (-Inf,0.2488)"
0.31531471102292,"03 [0.3225,0.5024)"
0.317741737281151,"01 (-Inf,0.2488)"
0.0020468801328658,"02 [0.2488,0.3225)"
0,"02 [0.2488,0.3225)"
0,"02 [0.2488,0.3225)"
0,"02 [0.2488,0.3225)"
0,"02 [0.2488,0.3225)"
0,"02 [0.2488,0.3225)"
0,"02 [0.2488,0.3225)"
0,"02 [0.2488,0.3225)"
0.00808225873731659,"02 [0.2488,0.3225)"
0,"02 [0.2488,0.3225)"
0.00357947089814222,"02 [0.2488,0.3225)"
0,"02 [0.2488,0.3225)"
0.00808225873731659,"02 [0.2488,0.3225)"
0.00357947089814222,"02 [0.2488,0.3225)"
0.0597157507599592,"02 [0.2488,0.3225)"
0.0114503748363221,"01 (-Inf,0.2488)"
0.125721605894918,"01 (-Inf,0.2488)"
0.125721605894918,"01 (-Inf,0.2488)"
0.0114503748363221,"02 [0.2488,0.3225)"
0.0114503748363221,"02 [0.2488,0.3225)"
0.185947741314862,"01 (-Inf,0.2488)"
0.184072009986266,"01 (-Inf,0.2488)"
0.184072009986266,"01 (-Inf,0.2488)"
0.185947741314862,"01 (-Inf,0.2488)"
0.574055303462034,"05 [0.7705,Inf)"
0.185947741314862,"01 (-Inf,0.2488)"
0.186916170984464,"01 (-Inf,0.2488)"
0.00106450154723138,"01 (-Inf,0.2488)"
0,"01 (-Inf,0.2488)"
0.000250247903760746,"01 (-Inf,0.2488)"
0.000250247903760746,"01 (-Inf,0.2488)"
0.815096458332894,"03 [0.3225,0.5024)"
0,"01 (-Inf,0.2488)"
0,"01 (-Inf,0.2488)"
0,"01 (-Inf,0.2488)"
0.516966376735362,"04 [0.5024,0.7705)"
0.403869622055203,"04 [0.5024,0.7705)"
0.516966376735362,"04 [0.5024,0.7705)"
0.516966376735362,"04 [0.5024,0.7705)"
0.0560141072686419,"03 [0.3225,0.5024)"
0.0560141072686419,"03 [0.3225,0.5024)"
0,"01 (-Inf,0.2488)"
0,"01 (-Inf,0.2488)"
0.319005807895494,"03 [0.3225,0.5024)"
0,"01 (-Inf,0.2488)"
0.82358764923978,"03 [0.3225,0.5024)"
0,"01 (-Inf,0.2488)"
0,"01 (-Inf,0.2488)"
1.16936477232011,"04 [0.5024,0.7705)"
1.16939295789556,"04 [0.5024,0.7705)"
0.252346831266374,"04 [0.5024,0.7705)"
0.00489850934753716,"04 [0.5024,0.7705)"
0.00489850934753716,"04 [0.5024,0.7705)"
0.00327940073393767,"01 (-Inf,0.2488)"
0.615401222819654,"03 [0.3225,0.5024)"
0.0784995320057359,"03 [0.3225,0.5024)"
0.0784995320057359,"03 [0.3225,0.5024)"
0.944134304378623,"05 [0.7705,Inf)"
0.0784995320057359,"03 [0.3225,0.5024)"
0.821103587803139,"01 (-Inf,0.2488)"
0.181886276047022,"03 [0.3225,0.5024)"
0.21716593639765,"01 (-Inf,0.2488)"
0.21716593639765,"01 (-Inf,0.2488)"
0.181886276047022,"02 [0.2488,0.3225)"
0.181886276047022,"02 [0.2488,0.3225)"
0.21716593639765,"01 (-Inf,0.2488)"
0.370520244653731,"03 [0.3225,0.5024)"
0.426100250844367,"03 [0.3225,0.5024)"
0.426100250844367,"03 [0.3225,0.5024)"
0.233991812679712,"03 [0.3225,0.5024)"
0,"01 (-Inf,0.2488)"
0.0117414065660646,"01 (-Inf,0.2488)"
0.0324462179190687,"01 (-Inf,0.2488)"
0.0324462179190687,"01 (-Inf,0.2488)"
0.0324462179190687,"01 (-Inf,0.2488)"
0.0324462179190687,"01 (-Inf,0.2488)"
0.124666298113616,"01 (-Inf,0.2488)"
0.124666298113616,"01 (-Inf,0.2488)"
0,"01 (-Inf,0.2488)"
1.07679792668879,"05 [0.7705,Inf)"
0.512848043046934,"01 (-Inf,0.2488)"
0.510877826550144,"03 [0.3225,0.5024)"
0.0477423597450247,"01 (-Inf,0.2488)"
0.0930419898617334,"01 (-Inf,0.2488)"
0.0930419898617334,"01 (-Inf,0.2488)"
0.379395335181896,"04 [0.5024,0.7705)"
0.380856364872749,"04 [0.5024,0.7705)"
0.350728276377065,"04 [0.5024,0.7705)"
0,"01 (-Inf,0.2488)"
0.101797314343784,"04 [0.5024,0.7705)"
0,"01 (-Inf,0.2488)"
0,"01 (-Inf,0.2488)"
0,"01 (-Inf,0.2488)"
0.00138004799920134,"01 (-Inf,0.2488)"
0,"01 (-Inf,0.2488)"
0.281230431905895,"01 (-Inf,0.2488)"
0.281230431905895,"04 [0.5024,0.7705)"
0.690923870088449,"01 (-Inf,0.2488)"
0.858981628431516,"05 [0.7705,Inf)"
0.870782590150141,"05 [0.7705,Inf)"
0.858981628431516,"05 [0.7705,Inf)"
0.858981628431516,"05 [0.7705,Inf)"
0.156589244027931,"01 (-Inf,0.2488)"
0.156589244027931,"01 (-Inf,0.2488)"
0.586989241900255,"03 [0.3225,0.5024)"
0.414303784653471,"01 (-Inf,0.2488)"
0.156589244027931,"01 (-Inf,0.2488)"
0.178267460210276,"01 (-Inf,0.2488)"
0,"02 [0.2488,0.3225)"
0,"02 [0.2488,0.3225)"
0.340856825576346,"01 (-Inf,0.2488)"
0.436307928303741,"05 [0.7705,Inf)"
0,"01 (-Inf,0.2488)"
0,"01 (-Inf,0.2488)"
0.340856825576346,"01 (-Inf,0.2488)"
1.01373506182522,"03 [0.3225,0.5024)"
1.01966362134557,"04 [0.5024,0.7705)"
1.01966362134557,"04 [0.5024,0.7705)"
0.72516329672214,"01 (-Inf,0.2488)"
0.569887646054173,"04 [0.5024,0.7705)"
0.00088239695825657,"03 [0.3225,0.5024)"
0,"04 [0.5024,0.7705)"
0.569887646054173,"04 [0.5024,0.7705)"
0.569887646054173,"04 [0.5024,0.7705)"
0.00088239695825657,"03 [0.3225,0.5024)"
0,"04 [0.5024,0.7705)"
0,"01 (-Inf,0.2488)"
0.808032587033579,"05 [0.7705,Inf)"
0,"01 (-Inf,0.2488)"
0.808032587033579,"05 [0.7705,Inf)"
1.10703987053261,"04 [0.5024,0.7705)"
1.10660555290801,"04 [0.5024,0.7705)"
1.02395891286229,"04 [0.5024,0.7705)"
0.781002494686207,"04 [0.5024,0.7705)"
0.781002494686207,"04 [0.5024,0.7705)"
0,"02 [0.2488,0.3225)"
0.7880566446352,"05 [0.7705,Inf)"
0.615321346263189,"05 [0.7705,Inf)"
0.548058119742974,"01 (-Inf,0.2488)"
0.548058119742974,"01 (-Inf,0.2488)"
0.548058119742974,"01 (-Inf,0.2488)"
0.0290886662600402,"01 (-Inf,0.2488)"
0.662044007076983,"04 [0.5024,0.7705)"
0.401071645257376,"03 [0.3225,0.5024)"
0.103517113664644,"01 (-Inf,0.2488)"
0.339565647619487,"02 [0.2488,0.3225)"
0,"01 (-Inf,0.2488)"
0,"01 (-Inf,0.2488)"
0,"01 (-Inf,0.2488)"
0.105481346598344,"01 (-Inf,0.2488)"
0.105481346598344,"01 (-Inf,0.2488)"
0.0227011379119814,"01 (-Inf,0.2488)"
0.0227011379119814,"01 (-Inf,0.2488)"
0.462038743767083,"04 [0.5024,0.7705)"
0.396145724389335,"01 (-Inf,0.2488)"
0.671229225620013,"03 [0.3225,0.5024)"
0.158506197194427,"03 [0.3225,0.5024)"
0.157272267205181,"05 [0.7705,Inf)"
0,"01 (-Inf,0.2488)"
0.289641210587729,"02 [0.2488,0.3225)"
0.370950369185165,"02 [0.2488,0.3225)"
0.161087752562673,"01 (-Inf,0.2488)"
0.289641210587729,"02 [0.2488,0.3225)"
0,"01 (-Inf,0.2488)"
0.161087752562673,"01 (-Inf,0.2488)"
0.370950369185165,"02 [0.2488,0.3225)"
0.0151163361914071,"05 [0.7705,Inf)"
0.00563100857530259,"05 [0.7705,Inf)"
0.170853347826641,"01 (-Inf,0.2488)"
0.170853347826641,"01 (-Inf,0.2488)"
0.773090628291037,"05 [0.7705,Inf)"
0.832155092479401,"02 [0.2488,0.3225)"
0,"01 (-Inf,0.2488)"
0.11691527464698,"01 (-Inf,0.2488)"
0,"01 (-Inf,0.2488)"
0.135009361705566,"01 (-Inf,0.2488)"
0.135009361705566,"01 (-Inf,0.2488)"
0.343249710389995,"04 [0.5024,0.7705)"
0.825922891587995,"04 [0.5024,0.7705)"
0.135009361705566,"01 (-Inf,0.2488)"
0.343249710389995,"04 [0.5024,0.7705)"
0.825922891587995,"04 [0.5024,0.7705)"
0.627680899519841,"05 [0.7705,Inf)"
0.0514342560221356,"02 [0.2488,0.3225)"
0.627680899519841,"05 [0.7705,Inf)"
0.0514342560221356,"02 [0.2488,0.3225)"
0,"03 [0.3225,0.5024)"
0.00133103815675914,"03 [0.3225,0.5024)"
0.332388466669622,"02 [0.2488,0.3225)"
0.0728478895902199,"02 [0.2488,0.3225)"
0.163408662047458,"02 [0.2488,0.3225)"
0,"02 [0.2488,0.3225)"
0.129176932161611,"01 (-Inf,0.2488)"
0.130480171102051,"01 (-Inf,0.2488)"
0.129176932161611,"01 (-Inf,0.2488)"
0.130480171102051,"01 (-Inf,0.2488)"
0.130480171102051,"01 (-Inf,0.2488)"
0.129176932161611,"01 (-Inf,0.2488)"
0,"03 [0.3225,0.5024)"
7.28729491206598e-05,"03 [0.3225,0.5024)"
0.00154429048919144,"03 [0.3225,0.5024)"
7.28729491206598e-05,"03 [0.3225,0.5024)"
0,"03 [0.3225,0.5024)"
0.0377204320662631,"01 (-Inf,0.2488)"
0.0377204320662631,"01 (-Inf,0.2488)"
0.0113017755462615,"01 (-Inf,0.2488)"
0.0113017755462615,"01 (-Inf,0.2488)"
0,"01 (-Inf,0.2488)"
0,"03 [0.3225,0.5024)"
0,"01 (-Inf,0.2488)"
0,"01 (-Inf,0.2488)"
0,"01 (-Inf,0.2488)"
0.41941273601813,"04 [0.5024,0.7705)"
0,"01 (-Inf,0.2488)"
0,"01 (-Inf,0.2488)"
1.03968536289041,"04 [0.5024,0.7705)"
0,"01 (-Inf,0.2488)"
0.000810664421958562,"01 (-Inf,0.2488)"
0,"01 (-Inf,0.2488)"
0.232853238007595,"04 [0.5024,0.7705)"
0.232853238007595,"04 [0.5024,0.7705)"
0,"01 (-Inf,0.2488)"
0.759172667301351,"04 [0.5024,0.7705)"
0.148206829865791,"02 [0.2488,0.3225)"
0.872567509413379,"05 [0.7705,Inf)"
0.758872769717592,"01 (-Inf,0.2488)"
0.758872769717592,"01 (-Inf,0.2488)"
0.148206829865791,"02 [0.2488,0.3225)"
0.190218842693576,"01 (-Inf,0.2488)"
6.45773893073989e-05,"01 (-Inf,0.2488)"
1.036435471977,"05 [0.7705,Inf)"
6.45773893073989e-05,"01 (-Inf,0.2488)"
0.19640618670748,"01 (-Inf,0.2488)"
0.185281944808726,"01 (-Inf,0.2488)"
0.283560905891235,"01 (-Inf,0.2488)"
0.283560905891235,"01 (-Inf,0.2488)"
0.290752362794325,"03 [0.3225,0.5024)"
0.283560905891235,"01 (-Inf,0.2488)"
0.287825890155727,"01 (-Inf,0.2488)"
0.287825890155727,"01 (-Inf,0.2488)"
0.283560905891235,"01 (-Inf,0.2488)"
0.287825890155727,"01 (-Inf,0.2488)"
0.290752362794325,"03 [0.3225,0.5024)"
0.283560905891235,"01 (-Inf,0.2488)"
1.22553651173947,"04 [0.5024,0.7705)"
0.876688718551895,"03 [0.3225,0.5024)"
1.04187882406473,"04 [0.5024,0.7705)"
