"lgd","rf1","rf2","rf3"
0.541231530630751,"01 (-Inf,20.1001)","03 [142.6312,531.6402)","03 [-0.0208,0.0506)"
0.857234410389709,"01 (-Inf,20.1001)","03 [142.6312,531.6402)","03 [-0.0208,0.0506)"
0.829010470371612,"02 [20.1001,Inf)","03 [142.6312,531.6402)","03 [-0.0208,0.0506)"
0.909796845366079,"01 (-Inf,20.1001)","03 [142.6312,531.6402)","03 [-0.0208,0.0506)"
0.857234410389709,"01 (-Inf,20.1001)","03 [142.6312,531.6402)","03 [-0.0208,0.0506)"
0.103602186242086,"02 [20.1001,Inf)","05 [642.8232,Inf)","04 [0.0506,Inf)"
0.103602186242086,"02 [20.1001,Inf)","05 [642.8232,Inf)","04 [0.0506,Inf)"
0.773875326575278,"02 [20.1001,Inf)","03 [142.6312,531.6402)","04 [0.0506,Inf)"
0.275354600905514,"01 (-Inf,20.1001)","04 [531.6402,642.8232)","03 [-0.0208,0.0506)"
0.352462930049435,"01 (-Inf,20.1001)","04 [531.6402,642.8232)","03 [-0.0208,0.0506)"
0.00122707830861698,"01 (-Inf,20.1001)","04 [531.6402,642.8232)","03 [-0.0208,0.0506)"
0.352462930049435,"01 (-Inf,20.1001)","04 [531.6402,642.8232)","03 [-0.0208,0.0506)"
0.275354600905514,"01 (-Inf,20.1001)","04 [531.6402,642.8232)","03 [-0.0208,0.0506)"
0.352462930049435,"01 (-Inf,20.1001)","04 [531.6402,642.8232)","03 [-0.0208,0.0506)"
0.00122707830861698,"01 (-Inf,20.1001)","04 [531.6402,642.8232)","03 [-0.0208,0.0506)"
0.275354600905514,"01 (-Inf,20.1001)","04 [531.6402,642.8232)","03 [-0.0208,0.0506)"
0.00145710692544103,"02 [20.1001,Inf)","03 [142.6312,531.6402)","03 [-0.0208,0.0506)"
0.00145710692544103,"02 [20.1001,Inf)","03 [142.6312,531.6402)","03 [-0.0208,0.0506)"
0.00145710692544103,"02 [20.1001,Inf)","03 [142.6312,531.6402)","03 [-0.0208,0.0506)"
0.801023638686821,"01 (-Inf,20.1001)","02 [58.1375,142.6312)","01 (-Inf,-0.0417)"
0.37652023728359,"01 (-Inf,20.1001)","03 [142.6312,531.6402)","03 [-0.0208,0.0506)"
0.287839545705482,"01 (-Inf,20.1001)","03 [142.6312,531.6402)","03 [-0.0208,0.0506)"
0.287192177055072,"01 (-Inf,20.1001)","03 [142.6312,531.6402)","03 [-0.0208,0.0506)"
0.287192177055072,"01 (-Inf,20.1001)","03 [142.6312,531.6402)","03 [-0.0208,0.0506)"
0.382756403196477,"01 (-Inf,20.1001)","03 [142.6312,531.6402)","03 [-0.0208,0.0506)"
0.287839545705482,"01 (-Inf,20.1001)","03 [142.6312,531.6402)","03 [-0.0208,0.0506)"
0.287839545705482,"01 (-Inf,20.1001)","03 [142.6312,531.6402)","03 [-0.0208,0.0506)"
0.00858217594655566,"01 (-Inf,20.1001)","02 [58.1375,142.6312)","02 [-0.0417,-0.0208)"
0.560216079626448,"01 (-Inf,20.1001)","01 (-Inf,58.1375)","02 [-0.0417,-0.0208)"
0.00106433725889344,"01 (-Inf,20.1001)","01 (-Inf,58.1375)","03 [-0.0208,0.0506)"
0.415790391325371,"01 (-Inf,20.1001)","01 (-Inf,58.1375)","02 [-0.0417,-0.0208)"
0.42058210977112,"01 (-Inf,20.1001)","01 (-Inf,58.1375)","02 [-0.0417,-0.0208)"
0.42058210977112,"01 (-Inf,20.1001)","01 (-Inf,58.1375)","02 [-0.0417,-0.0208)"
0.421691119807827,"01 (-Inf,20.1001)","01 (-Inf,58.1375)","02 [-0.0417,-0.0208)"
0.421691119807827,"01 (-Inf,20.1001)","01 (-Inf,58.1375)","02 [-0.0417,-0.0208)"
0,"02 [20.1001,Inf)","04 [531.6402,642.8232)","02 [-0.0417,-0.0208)"
0,"02 [20.1001,Inf)","03 [142.6312,531.6402)","03 [-0.0208,0.0506)"
0,"02 [20.1001,Inf)","04 [531.6402,642.8232)","02 [-0.0417,-0.0208)"
0,"02 [20.1001,Inf)","03 [142.6312,531.6402)","03 [-0.0208,0.0506)"
0,"02 [20.1001,Inf)","03 [142.6312,531.6402)","03 [-0.0208,0.0506)"
0,"02 [20.1001,Inf)","02 [58.1375,142.6312)","04 [0.0506,Inf)"
0.36707596136128,"02 [20.1001,Inf)","03 [142.6312,531.6402)","04 [0.0506,Inf)"
0,"02 [20.1001,Inf)","03 [142.6312,531.6402)","04 [0.0506,Inf)"
0.36707596136128,"02 [20.1001,Inf)","03 [142.6312,531.6402)","04 [0.0506,Inf)"
0.487400570365504,"01 (-Inf,20.1001)","04 [531.6402,642.8232)","03 [-0.0208,0.0506)"
0.418332769362395,"02 [20.1001,Inf)","04 [531.6402,642.8232)","03 [-0.0208,0.0506)"
0.380566520399785,"02 [20.1001,Inf)","03 [142.6312,531.6402)","03 [-0.0208,0.0506)"
0,"02 [20.1001,Inf)","04 [531.6402,642.8232)","03 [-0.0208,0.0506)"
0.607334580601684,"01 (-Inf,20.1001)","03 [142.6312,531.6402)","03 [-0.0208,0.0506)"
0.370265722639681,"01 (-Inf,20.1001)","02 [58.1375,142.6312)","03 [-0.0208,0.0506)"
0.370265722639681,"01 (-Inf,20.1001)","02 [58.1375,142.6312)","03 [-0.0208,0.0506)"
0.073402311438485,"01 (-Inf,20.1001)","02 [58.1375,142.6312)","04 [0.0506,Inf)"
0.607334580601684,"01 (-Inf,20.1001)","03 [142.6312,531.6402)","03 [-0.0208,0.0506)"
0.073402311438485,"01 (-Inf,20.1001)","02 [58.1375,142.6312)","04 [0.0506,Inf)"
0.073402311438485,"01 (-Inf,20.1001)","02 [58.1375,142.6312)","04 [0.0506,Inf)"
0.66623165932914,"02 [20.1001,Inf)","03 [142.6312,531.6402)","03 [-0.0208,0.0506)"
0.66623165932914,"02 [20.1001,Inf)","03 [142.6312,531.6402)","03 [-0.0208,0.0506)"
0.666591252851341,"02 [20.1001,Inf)","04 [531.6402,642.8232)","04 [0.0506,Inf)"
0.853258690258562,"02 [20.1001,Inf)","04 [531.6402,642.8232)","04 [0.0506,Inf)"
0.833131615982293,"01 (-Inf,20.1001)","04 [531.6402,642.8232)","01 (-Inf,-0.0417)"
0.850343113014967,"01 (-Inf,20.1001)","03 [142.6312,531.6402)","01 (-Inf,-0.0417)"
0.850343113014967,"01 (-Inf,20.1001)","03 [142.6312,531.6402)","01 (-Inf,-0.0417)"
0.833131615982293,"01 (-Inf,20.1001)","04 [531.6402,642.8232)","01 (-Inf,-0.0417)"
0,"01 (-Inf,20.1001)","04 [531.6402,642.8232)","02 [-0.0417,-0.0208)"
0,"02 [20.1001,Inf)","05 [642.8232,Inf)","01 (-Inf,-0.0417)"
0.533836575351705,"02 [20.1001,Inf)","05 [642.8232,Inf)","02 [-0.0417,-0.0208)"
0.533836575351705,"02 [20.1001,Inf)","05 [642.8232,Inf)","02 [-0.0417,-0.0208)"
0.00369668071796151,"01 (-Inf,20.1001)","03 [142.6312,531.6402)","02 [-0.0417,-0.0208)"
0,"02 [20.1001,Inf)","05 [642.8232,Inf)","01 (-Inf,-0.0417)"
0,"01 (-Inf,20.1001)","03 [142.6312,531.6402)","03 [-0.0208,0.0506)"
0,"02 [20.1001,Inf)","05 [642.8232,Inf)","01 (-Inf,-0.0417)"
0.818763538973281,"01 (-Inf,20.1001)","03 [142.6312,531.6402)","02 [-0.0417,-0.0208)"
0.696138532565064,"01 (-Inf,20.1001)","03 [142.6312,531.6402)","01 (-Inf,-0.0417)"
0.696138532565064,"01 (-Inf,20.1001)","03 [142.6312,531.6402)","01 (-Inf,-0.0417)"
0.559056357905802,"02 [20.1001,Inf)","04 [531.6402,642.8232)","01 (-Inf,-0.0417)"
0.614545470237095,"01 (-Inf,20.1001)","03 [142.6312,531.6402)","01 (-Inf,-0.0417)"
0.464054238072405,"01 (-Inf,20.1001)","03 [142.6312,531.6402)","01 (-Inf,-0.0417)"
0.559056357905802,"02 [20.1001,Inf)","04 [531.6402,642.8232)","01 (-Inf,-0.0417)"
0.818763538973281,"01 (-Inf,20.1001)","03 [142.6312,531.6402)","02 [-0.0417,-0.0208)"
0.38134728384943,"01 (-Inf,20.1001)","04 [531.6402,642.8232)","01 (-Inf,-0.0417)"
0.38134728384943,"01 (-Inf,20.1001)","04 [531.6402,642.8232)","01 (-Inf,-0.0417)"
0.38134728384943,"01 (-Inf,20.1001)","04 [531.6402,642.8232)","01 (-Inf,-0.0417)"
0.38134728384943,"01 (-Inf,20.1001)","04 [531.6402,642.8232)","01 (-Inf,-0.0417)"
0.38134728384943,"01 (-Inf,20.1001)","03 [142.6312,531.6402)","01 (-Inf,-0.0417)"
0.38134728384943,"01 (-Inf,20.1001)","04 [531.6402,642.8232)","01 (-Inf,-0.0417)"
0.38134728384943,"01 (-Inf,20.1001)","04 [531.6402,642.8232)","01 (-Inf,-0.0417)"
1.00419361467434,"01 (-Inf,20.1001)","03 [142.6312,531.6402)","01 (-Inf,-0.0417)"
1.0758620527734,"02 [20.1001,Inf)","03 [142.6312,531.6402)","03 [-0.0208,0.0506)"
1.0758620527734,"02 [20.1001,Inf)","03 [142.6312,531.6402)","03 [-0.0208,0.0506)"
0.00885186743981227,"01 (-Inf,20.1001)","01 (-Inf,58.1375)","02 [-0.0417,-0.0208)"
0.00885186743981227,"01 (-Inf,20.1001)","01 (-Inf,58.1375)","02 [-0.0417,-0.0208)"
0.00885186743981227,"01 (-Inf,20.1001)","01 (-Inf,58.1375)","03 [-0.0208,0.0506)"
0.0758586001359597,"02 [20.1001,Inf)","02 [58.1375,142.6312)","03 [-0.0208,0.0506)"
0,"02 [20.1001,Inf)","02 [58.1375,142.6312)","03 [-0.0208,0.0506)"
0,"02 [20.1001,Inf)","02 [58.1375,142.6312)","03 [-0.0208,0.0506)"
0,"02 [20.1001,Inf)","02 [58.1375,142.6312)","03 [-0.0208,0.0506)"
0,"02 [20.1001,Inf)","02 [58.1375,142.6312)","03 [-0.0208,0.0506)"
0,"02 [20.1001,Inf)","02 [58.1375,142.6312)","03 [-0.0208,0.0506)"
0.0758586001359597,"02 [20.1001,Inf)","02 [58.1375,142.6312)","03 [-0.0208,0.0506)"
0,"01 (-Inf,20.1001)","04 [531.6402,642.8232)","03 [-0.0208,0.0506)"
0,"01 (-Inf,20.1001)","04 [531.6402,642.8232)","03 [-0.0208,0.0506)"
0,"01 (-Inf,20.1001)","04 [531.6402,642.8232)","03 [-0.0208,0.0506)"
0.93662086467452,"01 (-Inf,20.1001)","02 [58.1375,142.6312)","02 [-0.0417,-0.0208)"
0.904914734158457,"01 (-Inf,20.1001)","02 [58.1375,142.6312)","02 [-0.0417,-0.0208)"
0.963406690949505,"01 (-Inf,20.1001)","01 (-Inf,58.1375)","02 [-0.0417,-0.0208)"
0.93662086467452,"01 (-Inf,20.1001)","02 [58.1375,142.6312)","02 [-0.0417,-0.0208)"
0.208419471273931,"02 [20.1001,Inf)","03 [142.6312,531.6402)","03 [-0.0208,0.0506)"
0.211475899440417,"01 (-Inf,20.1001)","03 [142.6312,531.6402)","03 [-0.0208,0.0506)"
0.208419471273931,"02 [20.1001,Inf)","03 [142.6312,531.6402)","03 [-0.0208,0.0506)"
0.202596843212658,"02 [20.1001,Inf)","04 [531.6402,642.8232)","03 [-0.0208,0.0506)"
0.211475899440417,"01 (-Inf,20.1001)","03 [142.6312,531.6402)","03 [-0.0208,0.0506)"
0.846396755205262,"01 (-Inf,20.1001)","01 (-Inf,58.1375)","03 [-0.0208,0.0506)"
0.870687430691557,"01 (-Inf,20.1001)","01 (-Inf,58.1375)","03 [-0.0208,0.0506)"
0.82365782536773,"01 (-Inf,20.1001)","01 (-Inf,58.1375)","03 [-0.0208,0.0506)"
0.851118323831449,"01 (-Inf,20.1001)","02 [58.1375,142.6312)","03 [-0.0208,0.0506)"
0.645492426923568,"01 (-Inf,20.1001)","03 [142.6312,531.6402)","01 (-Inf,-0.0417)"
0,"02 [20.1001,Inf)","03 [142.6312,531.6402)","02 [-0.0417,-0.0208)"
0.21148046354589,"01 (-Inf,20.1001)","03 [142.6312,531.6402)","03 [-0.0208,0.0506)"
0.246517429434566,"01 (-Inf,20.1001)","03 [142.6312,531.6402)","03 [-0.0208,0.0506)"
0,"02 [20.1001,Inf)","03 [142.6312,531.6402)","02 [-0.0417,-0.0208)"
0.0051390055975048,"01 (-Inf,20.1001)","01 (-Inf,58.1375)","04 [0.0506,Inf)"
0.384852943482677,"02 [20.1001,Inf)","02 [58.1375,142.6312)","03 [-0.0208,0.0506)"
0.384852943482677,"02 [20.1001,Inf)","02 [58.1375,142.6312)","03 [-0.0208,0.0506)"
0.0976279400811994,"02 [20.1001,Inf)","02 [58.1375,142.6312)","03 [-0.0208,0.0506)"
0.00317529060208429,"02 [20.1001,Inf)","02 [58.1375,142.6312)","04 [0.0506,Inf)"
0.0051390055975048,"01 (-Inf,20.1001)","01 (-Inf,58.1375)","04 [0.0506,Inf)"
0.0976279400811994,"02 [20.1001,Inf)","02 [58.1375,142.6312)","03 [-0.0208,0.0506)"
0.384852943482677,"02 [20.1001,Inf)","02 [58.1375,142.6312)","03 [-0.0208,0.0506)"
0,"02 [20.1001,Inf)","03 [142.6312,531.6402)","01 (-Inf,-0.0417)"
0.00300631776580312,"02 [20.1001,Inf)","03 [142.6312,531.6402)","03 [-0.0208,0.0506)"
0,"02 [20.1001,Inf)","03 [142.6312,531.6402)","01 (-Inf,-0.0417)"
1.0948044774146,"01 (-Inf,20.1001)","03 [142.6312,531.6402)","03 [-0.0208,0.0506)"
1.05617469809692,"02 [20.1001,Inf)","03 [142.6312,531.6402)","03 [-0.0208,0.0506)"
1.06018648561226,"02 [20.1001,Inf)","03 [142.6312,531.6402)","01 (-Inf,-0.0417)"
1.0948044774146,"01 (-Inf,20.1001)","03 [142.6312,531.6402)","03 [-0.0208,0.0506)"
1.05617469809692,"02 [20.1001,Inf)","03 [142.6312,531.6402)","03 [-0.0208,0.0506)"
1.05617469809692,"02 [20.1001,Inf)","03 [142.6312,531.6402)","03 [-0.0208,0.0506)"
0.259168522574444,"01 (-Inf,20.1001)","03 [142.6312,531.6402)","02 [-0.0417,-0.0208)"
0.240730099852534,"02 [20.1001,Inf)","03 [142.6312,531.6402)","03 [-0.0208,0.0506)"
0,"02 [20.1001,Inf)","03 [142.6312,531.6402)","04 [0.0506,Inf)"
0.43145561678279,"02 [20.1001,Inf)","03 [142.6312,531.6402)","04 [0.0506,Inf)"
0.312984942396102,"02 [20.1001,Inf)","03 [142.6312,531.6402)","04 [0.0506,Inf)"
0,"02 [20.1001,Inf)","03 [142.6312,531.6402)","04 [0.0506,Inf)"
0.312984942396102,"02 [20.1001,Inf)","03 [142.6312,531.6402)","04 [0.0506,Inf)"
0,"02 [20.1001,Inf)","03 [142.6312,531.6402)","04 [0.0506,Inf)"
0.148912066092536,"02 [20.1001,Inf)","05 [642.8232,Inf)","04 [0.0506,Inf)"
0.101103772490082,"02 [20.1001,Inf)","05 [642.8232,Inf)","03 [-0.0208,0.0506)"
0.138273296329615,"02 [20.1001,Inf)","05 [642.8232,Inf)","04 [0.0506,Inf)"
0.961547244996153,"01 (-Inf,20.1001)","01 (-Inf,58.1375)","03 [-0.0208,0.0506)"
0.961547244996153,"01 (-Inf,20.1001)","01 (-Inf,58.1375)","03 [-0.0208,0.0506)"
0.0681932412076173,"01 (-Inf,20.1001)","02 [58.1375,142.6312)","03 [-0.0208,0.0506)"
0.0681932412076173,"01 (-Inf,20.1001)","02 [58.1375,142.6312)","03 [-0.0208,0.0506)"
0.00940830512616103,"01 (-Inf,20.1001)","02 [58.1375,142.6312)","02 [-0.0417,-0.0208)"
0.82286001290529,"01 (-Inf,20.1001)","03 [142.6312,531.6402)","01 (-Inf,-0.0417)"
0.00940830512616103,"01 (-Inf,20.1001)","02 [58.1375,142.6312)","02 [-0.0417,-0.0208)"
0.00887161599335802,"01 (-Inf,20.1001)","03 [142.6312,531.6402)","02 [-0.0417,-0.0208)"
0.807588267067984,"01 (-Inf,20.1001)","04 [531.6402,642.8232)","03 [-0.0208,0.0506)"
0.807588267067984,"01 (-Inf,20.1001)","04 [531.6402,642.8232)","03 [-0.0208,0.0506)"
0.962795464037141,"01 (-Inf,20.1001)","04 [531.6402,642.8232)","03 [-0.0208,0.0506)"
0.807588267067984,"01 (-Inf,20.1001)","04 [531.6402,642.8232)","03 [-0.0208,0.0506)"
0.807289278109844,"02 [20.1001,Inf)","04 [531.6402,642.8232)","03 [-0.0208,0.0506)"
0.00453106667016141,"01 (-Inf,20.1001)","03 [142.6312,531.6402)","02 [-0.0417,-0.0208)"
0.00453106667016141,"02 [20.1001,Inf)","03 [142.6312,531.6402)","03 [-0.0208,0.0506)"
0.00453106667016141,"02 [20.1001,Inf)","03 [142.6312,531.6402)","03 [-0.0208,0.0506)"
0.0120683808640536,"01 (-Inf,20.1001)","02 [58.1375,142.6312)","02 [-0.0417,-0.0208)"
0.0120683808640536,"01 (-Inf,20.1001)","02 [58.1375,142.6312)","02 [-0.0417,-0.0208)"
0.663752294265287,"01 (-Inf,20.1001)","03 [142.6312,531.6402)","02 [-0.0417,-0.0208)"
0.00453106667016141,"01 (-Inf,20.1001)","03 [142.6312,531.6402)","02 [-0.0417,-0.0208)"
0.663752294265287,"01 (-Inf,20.1001)","03 [142.6312,531.6402)","02 [-0.0417,-0.0208)"
0.63062420323415,"01 (-Inf,20.1001)","02 [58.1375,142.6312)","01 (-Inf,-0.0417)"
0.197765144752202,"01 (-Inf,20.1001)","03 [142.6312,531.6402)","01 (-Inf,-0.0417)"
0.328156190482705,"01 (-Inf,20.1001)","03 [142.6312,531.6402)","01 (-Inf,-0.0417)"
0.578136306860181,"01 (-Inf,20.1001)","03 [142.6312,531.6402)","01 (-Inf,-0.0417)"
1.00275257902578,"01 (-Inf,20.1001)","04 [531.6402,642.8232)","04 [0.0506,Inf)"
0.0935134057278162,"02 [20.1001,Inf)","04 [531.6402,642.8232)","03 [-0.0208,0.0506)"
0.465595036029843,"02 [20.1001,Inf)","02 [58.1375,142.6312)","02 [-0.0417,-0.0208)"
0.516458498077595,"02 [20.1001,Inf)","02 [58.1375,142.6312)","02 [-0.0417,-0.0208)"
0.504678229078765,"02 [20.1001,Inf)","02 [58.1375,142.6312)","02 [-0.0417,-0.0208)"
0.504678229078765,"02 [20.1001,Inf)","02 [58.1375,142.6312)","02 [-0.0417,-0.0208)"
0.55427463502195,"02 [20.1001,Inf)","02 [58.1375,142.6312)","02 [-0.0417,-0.0208)"
0.55427463502195,"02 [20.1001,Inf)","02 [58.1375,142.6312)","02 [-0.0417,-0.0208)"
0.480737480045279,"02 [20.1001,Inf)","02 [58.1375,142.6312)","02 [-0.0417,-0.0208)"
0.548353715155523,"02 [20.1001,Inf)","05 [642.8232,Inf)","03 [-0.0208,0.0506)"
0,"02 [20.1001,Inf)","04 [531.6402,642.8232)","03 [-0.0208,0.0506)"
0,"02 [20.1001,Inf)","04 [531.6402,642.8232)","03 [-0.0208,0.0506)"
0,"02 [20.1001,Inf)","05 [642.8232,Inf)","04 [0.0506,Inf)"
0,"02 [20.1001,Inf)","04 [531.6402,642.8232)","03 [-0.0208,0.0506)"
0.548353715155523,"02 [20.1001,Inf)","05 [642.8232,Inf)","03 [-0.0208,0.0506)"
1.10001153179859,"01 (-Inf,20.1001)","01 (-Inf,58.1375)","02 [-0.0417,-0.0208)"
0.787121858979942,"01 (-Inf,20.1001)","01 (-Inf,58.1375)","03 [-0.0208,0.0506)"
0.348454435569942,"01 (-Inf,20.1001)","05 [642.8232,Inf)","04 [0.0506,Inf)"
0.446033118552641,"01 (-Inf,20.1001)","05 [642.8232,Inf)","04 [0.0506,Inf)"
0.446033118552641,"01 (-Inf,20.1001)","05 [642.8232,Inf)","04 [0.0506,Inf)"
0,"02 [20.1001,Inf)","04 [531.6402,642.8232)","03 [-0.0208,0.0506)"
0.0661555570153032,"02 [20.1001,Inf)","04 [531.6402,642.8232)","03 [-0.0208,0.0506)"
0,"02 [20.1001,Inf)","04 [531.6402,642.8232)","03 [-0.0208,0.0506)"
0,"02 [20.1001,Inf)","04 [531.6402,642.8232)","03 [-0.0208,0.0506)"
0,"02 [20.1001,Inf)","03 [142.6312,531.6402)","03 [-0.0208,0.0506)"
0,"02 [20.1001,Inf)","03 [142.6312,531.6402)","03 [-0.0208,0.0506)"
0,"02 [20.1001,Inf)","03 [142.6312,531.6402)","03 [-0.0208,0.0506)"
0,"02 [20.1001,Inf)","03 [142.6312,531.6402)","03 [-0.0208,0.0506)"
0,"02 [20.1001,Inf)","04 [531.6402,642.8232)","03 [-0.0208,0.0506)"
0.303112837840359,"02 [20.1001,Inf)","03 [142.6312,531.6402)","03 [-0.0208,0.0506)"
0,"02 [20.1001,Inf)","03 [142.6312,531.6402)","03 [-0.0208,0.0506)"
0,"02 [20.1001,Inf)","03 [142.6312,531.6402)","03 [-0.0208,0.0506)"
0.388203801777674,"02 [20.1001,Inf)","03 [142.6312,531.6402)","03 [-0.0208,0.0506)"
0.807812657829698,"02 [20.1001,Inf)","02 [58.1375,142.6312)","02 [-0.0417,-0.0208)"
0.817493334128867,"02 [20.1001,Inf)","02 [58.1375,142.6312)","02 [-0.0417,-0.0208)"
0.685219364646355,"02 [20.1001,Inf)","05 [642.8232,Inf)","03 [-0.0208,0.0506)"
0.685219364646355,"02 [20.1001,Inf)","05 [642.8232,Inf)","03 [-0.0208,0.0506)"
0.78325883986192,"02 [20.1001,Inf)","05 [642.8232,Inf)","03 [-0.0208,0.0506)"
0.223218372571602,"01 (-Inf,20.1001)","03 [142.6312,531.6402)","01 (-Inf,-0.0417)"
0.223218372571602,"01 (-Inf,20.1001)","03 [142.6312,531.6402)","01 (-Inf,-0.0417)"
0.492415844292211,"01 (-Inf,20.1001)","02 [58.1375,142.6312)","01 (-Inf,-0.0417)"
0.492415844292211,"01 (-Inf,20.1001)","02 [58.1375,142.6312)","01 (-Inf,-0.0417)"
0.223218372571602,"01 (-Inf,20.1001)","03 [142.6312,531.6402)","01 (-Inf,-0.0417)"
0.223218372571602,"01 (-Inf,20.1001)","03 [142.6312,531.6402)","01 (-Inf,-0.0417)"
0.0300401082469841,"02 [20.1001,Inf)","02 [58.1375,142.6312)","02 [-0.0417,-0.0208)"
0.0132625439143859,"02 [20.1001,Inf)","02 [58.1375,142.6312)","02 [-0.0417,-0.0208)"
0.0300401082469841,"02 [20.1001,Inf)","02 [58.1375,142.6312)","02 [-0.0417,-0.0208)"
0.0280009085562943,"02 [20.1001,Inf)","02 [58.1375,142.6312)","02 [-0.0417,-0.0208)"
0.0280009085562943,"02 [20.1001,Inf)","02 [58.1375,142.6312)","02 [-0.0417,-0.0208)"
0.0300401082469841,"02 [20.1001,Inf)","02 [58.1375,142.6312)","02 [-0.0417,-0.0208)"
0.58172627263565,"02 [20.1001,Inf)","05 [642.8232,Inf)","03 [-0.0208,0.0506)"
0.689694271492698,"02 [20.1001,Inf)","04 [531.6402,642.8232)","04 [0.0506,Inf)"
0,"02 [20.1001,Inf)","04 [531.6402,642.8232)","04 [0.0506,Inf)"
0,"02 [20.1001,Inf)","04 [531.6402,642.8232)","04 [0.0506,Inf)"
0.58172627263565,"02 [20.1001,Inf)","05 [642.8232,Inf)","03 [-0.0208,0.0506)"
0.58172627263565,"02 [20.1001,Inf)","05 [642.8232,Inf)","03 [-0.0208,0.0506)"
0,"02 [20.1001,Inf)","05 [642.8232,Inf)","04 [0.0506,Inf)"
0,"02 [20.1001,Inf)","05 [642.8232,Inf)","04 [0.0506,Inf)"
0,"01 (-Inf,20.1001)","03 [142.6312,531.6402)","03 [-0.0208,0.0506)"
0,"01 (-Inf,20.1001)","03 [142.6312,531.6402)","02 [-0.0417,-0.0208)"
0,"01 (-Inf,20.1001)","03 [142.6312,531.6402)","03 [-0.0208,0.0506)"
0,"02 [20.1001,Inf)","05 [642.8232,Inf)","03 [-0.0208,0.0506)"
0,"02 [20.1001,Inf)","05 [642.8232,Inf)","03 [-0.0208,0.0506)"
0.0958522598322866,"01 (-Inf,20.1001)","03 [142.6312,531.6402)","03 [-0.0208,0.0506)"
0.689886297675012,"02 [20.1001,Inf)","03 [142.6312,531.6402)","04 [0.0506,Inf)"
0.00599096357728027,"02 [20.1001,Inf)","04 [531.6402,642.8232)","03 [-0.0208,0.0506)"
0.0958522598322866,"01 (-Inf,20.1001)","03 [142.6312,531.6402)","03 [-0.0208,0.0506)"
0.0958522598322866,"01 (-Inf,20.1001)","03 [142.6312,531.6402)","03 [-0.0208,0.0506)"
0.678022445022574,"01 (-Inf,20.1001)","03 [142.6312,531.6402)","04 [0.0506,Inf)"
1.00223699320903,"01 (-Inf,20.1001)","03 [142.6312,531.6402)","03 [-0.0208,0.0506)"
0.779276405987716,"01 (-Inf,20.1001)","01 (-Inf,58.1375)","01 (-Inf,-0.0417)"
0.709254036830004,"01 (-Inf,20.1001)","01 (-Inf,58.1375)","01 (-Inf,-0.0417)"
0.779276405987716,"01 (-Inf,20.1001)","01 (-Inf,58.1375)","01 (-Inf,-0.0417)"
0.709254036830004,"01 (-Inf,20.1001)","01 (-Inf,58.1375)","01 (-Inf,-0.0417)"
0.0168311906357035,"02 [20.1001,Inf)","04 [531.6402,642.8232)","03 [-0.0208,0.0506)"
0.0168311906357035,"02 [20.1001,Inf)","04 [531.6402,642.8232)","03 [-0.0208,0.0506)"
0.0168311906357035,"02 [20.1001,Inf)","03 [142.6312,531.6402)","03 [-0.0208,0.0506)"
0.699088765453643,"02 [20.1001,Inf)","03 [142.6312,531.6402)","04 [0.0506,Inf)"
0.699088765453643,"02 [20.1001,Inf)","03 [142.6312,531.6402)","04 [0.0506,Inf)"
0.699088765453643,"02 [20.1001,Inf)","03 [142.6312,531.6402)","04 [0.0506,Inf)"
0,"02 [20.1001,Inf)","03 [142.6312,531.6402)","03 [-0.0208,0.0506)"
0.777439117604915,"02 [20.1001,Inf)","03 [142.6312,531.6402)","04 [0.0506,Inf)"
0.777439117604915,"02 [20.1001,Inf)","03 [142.6312,531.6402)","04 [0.0506,Inf)"
0.758767175463699,"02 [20.1001,Inf)","04 [531.6402,642.8232)","04 [0.0506,Inf)"
0.758767175463699,"02 [20.1001,Inf)","04 [531.6402,642.8232)","04 [0.0506,Inf)"
0.069617999685171,"01 (-Inf,20.1001)","01 (-Inf,58.1375)","04 [0.0506,Inf)"
0.71763330193515,"02 [20.1001,Inf)","03 [142.6312,531.6402)","03 [-0.0208,0.0506)"
0.069617999685171,"01 (-Inf,20.1001)","01 (-Inf,58.1375)","04 [0.0506,Inf)"
0.280325613891156,"01 (-Inf,20.1001)","03 [142.6312,531.6402)","03 [-0.0208,0.0506)"
0.862613079007527,"02 [20.1001,Inf)","04 [531.6402,642.8232)","03 [-0.0208,0.0506)"
0.540957475512775,"02 [20.1001,Inf)","03 [142.6312,531.6402)","03 [-0.0208,0.0506)"
0.862613079007527,"02 [20.1001,Inf)","04 [531.6402,642.8232)","03 [-0.0208,0.0506)"
0.922312139311506,"02 [20.1001,Inf)","04 [531.6402,642.8232)","03 [-0.0208,0.0506)"
0.862613079007527,"02 [20.1001,Inf)","04 [531.6402,642.8232)","03 [-0.0208,0.0506)"
0.540957475512775,"02 [20.1001,Inf)","03 [142.6312,531.6402)","03 [-0.0208,0.0506)"
0.862613079007527,"02 [20.1001,Inf)","04 [531.6402,642.8232)","03 [-0.0208,0.0506)"
0.912778819794656,"02 [20.1001,Inf)","03 [142.6312,531.6402)","03 [-0.0208,0.0506)"
0.912778819794656,"02 [20.1001,Inf)","03 [142.6312,531.6402)","03 [-0.0208,0.0506)"
0.912778819794656,"02 [20.1001,Inf)","03 [142.6312,531.6402)","03 [-0.0208,0.0506)"
0.0862385047255609,"01 (-Inf,20.1001)","03 [142.6312,531.6402)","04 [0.0506,Inf)"
0.509958519150092,"02 [20.1001,Inf)","03 [142.6312,531.6402)","04 [0.0506,Inf)"
0.0792424608630482,"01 (-Inf,20.1001)","04 [531.6402,642.8232)","03 [-0.0208,0.0506)"
0,"01 (-Inf,20.1001)","04 [531.6402,642.8232)","03 [-0.0208,0.0506)"
0,"01 (-Inf,20.1001)","04 [531.6402,642.8232)","03 [-0.0208,0.0506)"
0.0618731889787316,"01 (-Inf,20.1001)","04 [531.6402,642.8232)","03 [-0.0208,0.0506)"
0,"01 (-Inf,20.1001)","04 [531.6402,642.8232)","03 [-0.0208,0.0506)"
0.0618731889787316,"01 (-Inf,20.1001)","04 [531.6402,642.8232)","03 [-0.0208,0.0506)"
0.443703483660856,"01 (-Inf,20.1001)","03 [142.6312,531.6402)","03 [-0.0208,0.0506)"
0.443703483660856,"01 (-Inf,20.1001)","03 [142.6312,531.6402)","03 [-0.0208,0.0506)"
0.0572720947012395,"02 [20.1001,Inf)","04 [531.6402,642.8232)","04 [0.0506,Inf)"
0.0255961955778116,"02 [20.1001,Inf)","04 [531.6402,642.8232)","04 [0.0506,Inf)"
0.0257485494794818,"02 [20.1001,Inf)","04 [531.6402,642.8232)","04 [0.0506,Inf)"
0.0258272089529404,"02 [20.1001,Inf)","04 [531.6402,642.8232)","04 [0.0506,Inf)"
0.0255961955778116,"02 [20.1001,Inf)","04 [531.6402,642.8232)","04 [0.0506,Inf)"
0.0257485494794818,"02 [20.1001,Inf)","04 [531.6402,642.8232)","04 [0.0506,Inf)"
0.0255961955778116,"02 [20.1001,Inf)","04 [531.6402,642.8232)","04 [0.0506,Inf)"
0.0258272089529404,"02 [20.1001,Inf)","04 [531.6402,642.8232)","04 [0.0506,Inf)"
0.0255961955778116,"02 [20.1001,Inf)","04 [531.6402,642.8232)","04 [0.0506,Inf)"
0.62559811328342,"01 (-Inf,20.1001)","03 [142.6312,531.6402)","02 [-0.0417,-0.0208)"
0.0457386475044816,"01 (-Inf,20.1001)","03 [142.6312,531.6402)","03 [-0.0208,0.0506)"
0.0457386475044816,"01 (-Inf,20.1001)","03 [142.6312,531.6402)","03 [-0.0208,0.0506)"
0.775712357741349,"02 [20.1001,Inf)","03 [142.6312,531.6402)","03 [-0.0208,0.0506)"
0.210529156841785,"02 [20.1001,Inf)","03 [142.6312,531.6402)","03 [-0.0208,0.0506)"
0.0701289112642206,"02 [20.1001,Inf)","02 [58.1375,142.6312)","03 [-0.0208,0.0506)"
0.0701289112642206,"02 [20.1001,Inf)","02 [58.1375,142.6312)","03 [-0.0208,0.0506)"
0.0701289112642206,"02 [20.1001,Inf)","02 [58.1375,142.6312)","03 [-0.0208,0.0506)"
0.00158727036509925,"02 [20.1001,Inf)","04 [531.6402,642.8232)","03 [-0.0208,0.0506)"
0.00158727036509925,"01 (-Inf,20.1001)","04 [531.6402,642.8232)","03 [-0.0208,0.0506)"
0.905756158855077,"02 [20.1001,Inf)","03 [142.6312,531.6402)","04 [0.0506,Inf)"
0.00158727036509925,"02 [20.1001,Inf)","04 [531.6402,642.8232)","03 [-0.0208,0.0506)"
0.00158727036509925,"01 (-Inf,20.1001)","04 [531.6402,642.8232)","03 [-0.0208,0.0506)"
0.905756158855077,"02 [20.1001,Inf)","03 [142.6312,531.6402)","04 [0.0506,Inf)"
0.00979263962618718,"02 [20.1001,Inf)","03 [142.6312,531.6402)","03 [-0.0208,0.0506)"
0.819208768137843,"01 (-Inf,20.1001)","01 (-Inf,58.1375)","03 [-0.0208,0.0506)"
0.236011456895544,"02 [20.1001,Inf)","04 [531.6402,642.8232)","03 [-0.0208,0.0506)"
0.749364735054421,"02 [20.1001,Inf)","03 [142.6312,531.6402)","03 [-0.0208,0.0506)"
0.807590763764768,"02 [20.1001,Inf)","04 [531.6402,642.8232)","03 [-0.0208,0.0506)"
0.807590763764768,"02 [20.1001,Inf)","04 [531.6402,642.8232)","03 [-0.0208,0.0506)"
0.236011456895544,"02 [20.1001,Inf)","03 [142.6312,531.6402)","03 [-0.0208,0.0506)"
0.755989722713166,"02 [20.1001,Inf)","03 [142.6312,531.6402)","03 [-0.0208,0.0506)"
0,"01 (-Inf,20.1001)","03 [142.6312,531.6402)","03 [-0.0208,0.0506)"
0,"01 (-Inf,20.1001)","03 [142.6312,531.6402)","03 [-0.0208,0.0506)"
0.165916344752871,"01 (-Inf,20.1001)","03 [142.6312,531.6402)","03 [-0.0208,0.0506)"
0.553417093360392,"02 [20.1001,Inf)","05 [642.8232,Inf)","03 [-0.0208,0.0506)"
0.553417093360392,"02 [20.1001,Inf)","05 [642.8232,Inf)","03 [-0.0208,0.0506)"
0.330292476861041,"02 [20.1001,Inf)","05 [642.8232,Inf)","03 [-0.0208,0.0506)"
0.680170391858257,"01 (-Inf,20.1001)","03 [142.6312,531.6402)","02 [-0.0417,-0.0208)"
1.03416860439504,"01 (-Inf,20.1001)","02 [58.1375,142.6312)","01 (-Inf,-0.0417)"
0.934178470461858,"02 [20.1001,Inf)","01 (-Inf,58.1375)","02 [-0.0417,-0.0208)"
0.934178470461858,"02 [20.1001,Inf)","01 (-Inf,58.1375)","02 [-0.0417,-0.0208)"
1.02412565786124,"01 (-Inf,20.1001)","01 (-Inf,58.1375)","03 [-0.0208,0.0506)"
0.934178470461858,"02 [20.1001,Inf)","01 (-Inf,58.1375)","02 [-0.0417,-0.0208)"
0.680170391858257,"01 (-Inf,20.1001)","03 [142.6312,531.6402)","02 [-0.0417,-0.0208)"
1.10129889449346,"01 (-Inf,20.1001)","02 [58.1375,142.6312)","01 (-Inf,-0.0417)"
0,"01 (-Inf,20.1001)","02 [58.1375,142.6312)","01 (-Inf,-0.0417)"
0.00157318651943169,"01 (-Inf,20.1001)","02 [58.1375,142.6312)","01 (-Inf,-0.0417)"
0,"01 (-Inf,20.1001)","02 [58.1375,142.6312)","01 (-Inf,-0.0417)"
0,"01 (-Inf,20.1001)","02 [58.1375,142.6312)","01 (-Inf,-0.0417)"
0.0089558127407029,"02 [20.1001,Inf)","03 [142.6312,531.6402)","04 [0.0506,Inf)"
0.000968335612638489,"02 [20.1001,Inf)","03 [142.6312,531.6402)","04 [0.0506,Inf)"
0.0089558127407029,"02 [20.1001,Inf)","03 [142.6312,531.6402)","04 [0.0506,Inf)"
0.345600738461803,"01 (-Inf,20.1001)","03 [142.6312,531.6402)","03 [-0.0208,0.0506)"
0.340389692836043,"02 [20.1001,Inf)","03 [142.6312,531.6402)","03 [-0.0208,0.0506)"
0.345600738461803,"01 (-Inf,20.1001)","03 [142.6312,531.6402)","03 [-0.0208,0.0506)"
0.345600738461803,"01 (-Inf,20.1001)","03 [142.6312,531.6402)","03 [-0.0208,0.0506)"
0.340389692836043,"01 (-Inf,20.1001)","03 [142.6312,531.6402)","03 [-0.0208,0.0506)"
0.807937996098766,"01 (-Inf,20.1001)","03 [142.6312,531.6402)","03 [-0.0208,0.0506)"
0.345600738461803,"01 (-Inf,20.1001)","03 [142.6312,531.6402)","03 [-0.0208,0.0506)"
0.340389692836043,"02 [20.1001,Inf)","03 [142.6312,531.6402)","03 [-0.0208,0.0506)"
0.236330766962696,"02 [20.1001,Inf)","03 [142.6312,531.6402)","03 [-0.0208,0.0506)"
0.236330766962696,"02 [20.1001,Inf)","03 [142.6312,531.6402)","03 [-0.0208,0.0506)"
1.00847851638743,"01 (-Inf,20.1001)","02 [58.1375,142.6312)","02 [-0.0417,-0.0208)"
0.236330766962696,"02 [20.1001,Inf)","03 [142.6312,531.6402)","03 [-0.0208,0.0506)"
0.846961502190287,"02 [20.1001,Inf)","03 [142.6312,531.6402)","03 [-0.0208,0.0506)"
0,"02 [20.1001,Inf)","04 [531.6402,642.8232)","03 [-0.0208,0.0506)"
0.518144691731953,"01 (-Inf,20.1001)","03 [142.6312,531.6402)","03 [-0.0208,0.0506)"
0.360388736345995,"01 (-Inf,20.1001)","03 [142.6312,531.6402)","03 [-0.0208,0.0506)"
0.365201142758322,"02 [20.1001,Inf)","03 [142.6312,531.6402)","03 [-0.0208,0.0506)"
0.365905211905445,"02 [20.1001,Inf)","03 [142.6312,531.6402)","03 [-0.0208,0.0506)"
0.856038086238,"02 [20.1001,Inf)","03 [142.6312,531.6402)","03 [-0.0208,0.0506)"
0.856038086238,"02 [20.1001,Inf)","03 [142.6312,531.6402)","03 [-0.0208,0.0506)"
0.365201142758322,"02 [20.1001,Inf)","03 [142.6312,531.6402)","03 [-0.0208,0.0506)"
0.365201142758322,"02 [20.1001,Inf)","03 [142.6312,531.6402)","03 [-0.0208,0.0506)"
0.856038086238,"02 [20.1001,Inf)","03 [142.6312,531.6402)","03 [-0.0208,0.0506)"
0.363516101030146,"02 [20.1001,Inf)","03 [142.6312,531.6402)","03 [-0.0208,0.0506)"
1.00726424016038,"02 [20.1001,Inf)","04 [531.6402,642.8232)","04 [0.0506,Inf)"
0.630992135833141,"02 [20.1001,Inf)","04 [531.6402,642.8232)","03 [-0.0208,0.0506)"
0.630992135833141,"02 [20.1001,Inf)","04 [531.6402,642.8232)","03 [-0.0208,0.0506)"
1.00726424016038,"02 [20.1001,Inf)","04 [531.6402,642.8232)","04 [0.0506,Inf)"
0.0240731205363371,"01 (-Inf,20.1001)","03 [142.6312,531.6402)","03 [-0.0208,0.0506)"
0.166864815558712,"02 [20.1001,Inf)","03 [142.6312,531.6402)","03 [-0.0208,0.0506)"
0.166864815558712,"02 [20.1001,Inf)","03 [142.6312,531.6402)","03 [-0.0208,0.0506)"
0.0240731205363371,"02 [20.1001,Inf)","03 [142.6312,531.6402)","03 [-0.0208,0.0506)"
0.0240731205363371,"02 [20.1001,Inf)","03 [142.6312,531.6402)","03 [-0.0208,0.0506)"
1.02125333450119,"02 [20.1001,Inf)","02 [58.1375,142.6312)","03 [-0.0208,0.0506)"
1.02125333450119,"02 [20.1001,Inf)","02 [58.1375,142.6312)","03 [-0.0208,0.0506)"
0.0382561803994629,"02 [20.1001,Inf)","02 [58.1375,142.6312)","03 [-0.0208,0.0506)"
0.0402963847463807,"01 (-Inf,20.1001)","01 (-Inf,58.1375)","03 [-0.0208,0.0506)"
0.0382561803994629,"01 (-Inf,20.1001)","03 [142.6312,531.6402)","03 [-0.0208,0.0506)"
1.02125333450119,"02 [20.1001,Inf)","02 [58.1375,142.6312)","03 [-0.0208,0.0506)"
0.0212548277628499,"01 (-Inf,20.1001)","03 [142.6312,531.6402)","03 [-0.0208,0.0506)"
0.0212548277628499,"01 (-Inf,20.1001)","03 [142.6312,531.6402)","02 [-0.0417,-0.0208)"
0.0212548277628499,"01 (-Inf,20.1001)","03 [142.6312,531.6402)","03 [-0.0208,0.0506)"
0.872024973219571,"01 (-Inf,20.1001)","03 [142.6312,531.6402)","03 [-0.0208,0.0506)"
0.0212548277628499,"01 (-Inf,20.1001)","03 [142.6312,531.6402)","02 [-0.0417,-0.0208)"
0,"02 [20.1001,Inf)","03 [142.6312,531.6402)","03 [-0.0208,0.0506)"
0.00243223476094977,"02 [20.1001,Inf)","04 [531.6402,642.8232)","03 [-0.0208,0.0506)"
0.0191275135095323,"02 [20.1001,Inf)","04 [531.6402,642.8232)","03 [-0.0208,0.0506)"
0.381781811222703,"02 [20.1001,Inf)","03 [142.6312,531.6402)","03 [-0.0208,0.0506)"
0,"02 [20.1001,Inf)","04 [531.6402,642.8232)","03 [-0.0208,0.0506)"
0.691026474586952,"02 [20.1001,Inf)","03 [142.6312,531.6402)","03 [-0.0208,0.0506)"
0.691026474586952,"02 [20.1001,Inf)","03 [142.6312,531.6402)","03 [-0.0208,0.0506)"
0.691026474586952,"02 [20.1001,Inf)","03 [142.6312,531.6402)","03 [-0.0208,0.0506)"
0,"02 [20.1001,Inf)","03 [142.6312,531.6402)","03 [-0.0208,0.0506)"
0.691026474586952,"02 [20.1001,Inf)","03 [142.6312,531.6402)","03 [-0.0208,0.0506)"
0.805968573105588,"01 (-Inf,20.1001)","04 [531.6402,642.8232)","04 [0.0506,Inf)"
0.256154034322006,"02 [20.1001,Inf)","03 [142.6312,531.6402)","03 [-0.0208,0.0506)"
0,"02 [20.1001,Inf)","03 [142.6312,531.6402)","03 [-0.0208,0.0506)"
0.281573971479955,"02 [20.1001,Inf)","04 [531.6402,642.8232)","03 [-0.0208,0.0506)"
0,"02 [20.1001,Inf)","03 [142.6312,531.6402)","03 [-0.0208,0.0506)"
0,"02 [20.1001,Inf)","03 [142.6312,531.6402)","03 [-0.0208,0.0506)"
0.721219698251535,"01 (-Inf,20.1001)","01 (-Inf,58.1375)","03 [-0.0208,0.0506)"
0.93402792782852,"01 (-Inf,20.1001)","02 [58.1375,142.6312)","03 [-0.0208,0.0506)"
0.935148351132249,"01 (-Inf,20.1001)","01 (-Inf,58.1375)","03 [-0.0208,0.0506)"
0.93402792782852,"01 (-Inf,20.1001)","02 [58.1375,142.6312)","03 [-0.0208,0.0506)"
0.721219698251535,"01 (-Inf,20.1001)","01 (-Inf,58.1375)","03 [-0.0208,0.0506)"
0.93402792782852,"01 (-Inf,20.1001)","02 [58.1375,142.6312)","03 [-0.0208,0.0506)"
0.935148351132249,"01 (-Inf,20.1001)","01 (-Inf,58.1375)","03 [-0.0208,0.0506)"
0.0343494870526739,"01 (-Inf,20.1001)","01 (-Inf,58.1375)","01 (-Inf,-0.0417)"
0.282466055661949,"01 (-Inf,20.1001)","02 [58.1375,142.6312)","02 [-0.0417,-0.0208)"
0.0343494870526739,"01 (-Inf,20.1001)","02 [58.1375,142.6312)","01 (-Inf,-0.0417)"
0.982790477335266,"01 (-Inf,20.1001)","01 (-Inf,58.1375)","02 [-0.0417,-0.0208)"
0.980971812257813,"01 (-Inf,20.1001)","01 (-Inf,58.1375)","03 [-0.0208,0.0506)"
0.987469116979221,"02 [20.1001,Inf)","02 [58.1375,142.6312)","01 (-Inf,-0.0417)"
0.987469116979221,"02 [20.1001,Inf)","02 [58.1375,142.6312)","01 (-Inf,-0.0417)"
0.582865164865644,"01 (-Inf,20.1001)","04 [531.6402,642.8232)","02 [-0.0417,-0.0208)"
0.237644932380598,"01 (-Inf,20.1001)","03 [142.6312,531.6402)","03 [-0.0208,0.0506)"
0.237644932380598,"01 (-Inf,20.1001)","03 [142.6312,531.6402)","03 [-0.0208,0.0506)"
0.584626544705576,"02 [20.1001,Inf)","04 [531.6402,642.8232)","02 [-0.0417,-0.0208)"
0.823397490817532,"02 [20.1001,Inf)","03 [142.6312,531.6402)","03 [-0.0208,0.0506)"
0.296422805701836,"01 (-Inf,20.1001)","03 [142.6312,531.6402)","04 [0.0506,Inf)"
0,"02 [20.1001,Inf)","03 [142.6312,531.6402)","01 (-Inf,-0.0417)"
0.255668404801657,"01 (-Inf,20.1001)","03 [142.6312,531.6402)","01 (-Inf,-0.0417)"
0,"02 [20.1001,Inf)","03 [142.6312,531.6402)","01 (-Inf,-0.0417)"
0.0257332449251141,"02 [20.1001,Inf)","03 [142.6312,531.6402)","03 [-0.0208,0.0506)"
0.0257332449251141,"01 (-Inf,20.1001)","03 [142.6312,531.6402)","03 [-0.0208,0.0506)"
0.0257332449251141,"02 [20.1001,Inf)","03 [142.6312,531.6402)","03 [-0.0208,0.0506)"
0.202306327973423,"02 [20.1001,Inf)","03 [142.6312,531.6402)","03 [-0.0208,0.0506)"
0,"02 [20.1001,Inf)","03 [142.6312,531.6402)","03 [-0.0208,0.0506)"
0,"02 [20.1001,Inf)","04 [531.6402,642.8232)","03 [-0.0208,0.0506)"
0,"02 [20.1001,Inf)","04 [531.6402,642.8232)","03 [-0.0208,0.0506)"
0.338551081000924,"02 [20.1001,Inf)","04 [531.6402,642.8232)","03 [-0.0208,0.0506)"
0.581230929481197,"01 (-Inf,20.1001)","03 [142.6312,531.6402)","03 [-0.0208,0.0506)"
0.580288980069594,"01 (-Inf,20.1001)","03 [142.6312,531.6402)","03 [-0.0208,0.0506)"
0.596726448246053,"01 (-Inf,20.1001)","03 [142.6312,531.6402)","03 [-0.0208,0.0506)"
0.596726448246053,"01 (-Inf,20.1001)","03 [142.6312,531.6402)","03 [-0.0208,0.0506)"
0.580288980069594,"01 (-Inf,20.1001)","03 [142.6312,531.6402)","03 [-0.0208,0.0506)"
0.580288980069594,"01 (-Inf,20.1001)","03 [142.6312,531.6402)","03 [-0.0208,0.0506)"
0.580288980069594,"01 (-Inf,20.1001)","03 [142.6312,531.6402)","03 [-0.0208,0.0506)"
0.82485129561189,"02 [20.1001,Inf)","04 [531.6402,642.8232)","03 [-0.0208,0.0506)"
1.05959011518576,"01 (-Inf,20.1001)","02 [58.1375,142.6312)","03 [-0.0208,0.0506)"
0.678718788235092,"02 [20.1001,Inf)","02 [58.1375,142.6312)","03 [-0.0208,0.0506)"
1.05328021450652,"01 (-Inf,20.1001)","03 [142.6312,531.6402)","03 [-0.0208,0.0506)"
1.05959011518576,"01 (-Inf,20.1001)","02 [58.1375,142.6312)","03 [-0.0208,0.0506)"
0,"02 [20.1001,Inf)","04 [531.6402,642.8232)","03 [-0.0208,0.0506)"
0,"02 [20.1001,Inf)","04 [531.6402,642.8232)","03 [-0.0208,0.0506)"
0.548072533187504,"02 [20.1001,Inf)","05 [642.8232,Inf)","03 [-0.0208,0.0506)"
0.958805609193696,"01 (-Inf,20.1001)","03 [142.6312,531.6402)","03 [-0.0208,0.0506)"
1.00760422071616,"02 [20.1001,Inf)","04 [531.6402,642.8232)","03 [-0.0208,0.0506)"
1.00760422071616,"02 [20.1001,Inf)","04 [531.6402,642.8232)","03 [-0.0208,0.0506)"
0.958468202812235,"02 [20.1001,Inf)","04 [531.6402,642.8232)","03 [-0.0208,0.0506)"
0.996982652540286,"02 [20.1001,Inf)","04 [531.6402,642.8232)","03 [-0.0208,0.0506)"
1.00366933377023,"01 (-Inf,20.1001)","03 [142.6312,531.6402)","02 [-0.0417,-0.0208)"
0.207161063158883,"02 [20.1001,Inf)","04 [531.6402,642.8232)","03 [-0.0208,0.0506)"
0.473082944957063,"02 [20.1001,Inf)","04 [531.6402,642.8232)","03 [-0.0208,0.0506)"
0,"02 [20.1001,Inf)","03 [142.6312,531.6402)","03 [-0.0208,0.0506)"
0,"02 [20.1001,Inf)","03 [142.6312,531.6402)","03 [-0.0208,0.0506)"
0,"02 [20.1001,Inf)","03 [142.6312,531.6402)","03 [-0.0208,0.0506)"
0,"02 [20.1001,Inf)","03 [142.6312,531.6402)","03 [-0.0208,0.0506)"
0.0106433068813884,"02 [20.1001,Inf)","03 [142.6312,531.6402)","03 [-0.0208,0.0506)"
0.0109483287290241,"02 [20.1001,Inf)","04 [531.6402,642.8232)","03 [-0.0208,0.0506)"
0.0109483287290241,"02 [20.1001,Inf)","04 [531.6402,642.8232)","03 [-0.0208,0.0506)"
0.804851846477594,"02 [20.1001,Inf)","04 [531.6402,642.8232)","03 [-0.0208,0.0506)"
0.0109483287290241,"02 [20.1001,Inf)","03 [142.6312,531.6402)","02 [-0.0417,-0.0208)"
0.10740832299322,"02 [20.1001,Inf)","03 [142.6312,531.6402)","03 [-0.0208,0.0506)"
0.10740832299322,"02 [20.1001,Inf)","03 [142.6312,531.6402)","03 [-0.0208,0.0506)"
0.10740832299322,"02 [20.1001,Inf)","03 [142.6312,531.6402)","03 [-0.0208,0.0506)"
0.344273712690211,"02 [20.1001,Inf)","04 [531.6402,642.8232)","04 [0.0506,Inf)"
0,"02 [20.1001,Inf)","04 [531.6402,642.8232)","04 [0.0506,Inf)"
0,"02 [20.1001,Inf)","03 [142.6312,531.6402)","03 [-0.0208,0.0506)"
0.290379479615314,"02 [20.1001,Inf)","04 [531.6402,642.8232)","03 [-0.0208,0.0506)"
0,"02 [20.1001,Inf)","04 [531.6402,642.8232)","04 [0.0506,Inf)"
0.135730332044018,"02 [20.1001,Inf)","03 [142.6312,531.6402)","04 [0.0506,Inf)"
0.0239873629750744,"01 (-Inf,20.1001)","02 [58.1375,142.6312)","04 [0.0506,Inf)"
0.135730332044018,"02 [20.1001,Inf)","03 [142.6312,531.6402)","04 [0.0506,Inf)"
0.0226959806606677,"01 (-Inf,20.1001)","03 [142.6312,531.6402)","04 [0.0506,Inf)"
0.0239873629750744,"01 (-Inf,20.1001)","02 [58.1375,142.6312)","04 [0.0506,Inf)"
0.0226959806606677,"01 (-Inf,20.1001)","03 [142.6312,531.6402)","03 [-0.0208,0.0506)"
0.0510944955250287,"01 (-Inf,20.1001)","03 [142.6312,531.6402)","03 [-0.0208,0.0506)"
0.639511950822564,"01 (-Inf,20.1001)","01 (-Inf,58.1375)","03 [-0.0208,0.0506)"
1.22112688543453,"02 [20.1001,Inf)","02 [58.1375,142.6312)","03 [-0.0208,0.0506)"
0.639511950822564,"01 (-Inf,20.1001)","01 (-Inf,58.1375)","03 [-0.0208,0.0506)"
0.639511950822564,"01 (-Inf,20.1001)","01 (-Inf,58.1375)","03 [-0.0208,0.0506)"
1.03369105818275,"02 [20.1001,Inf)","02 [58.1375,142.6312)","03 [-0.0208,0.0506)"
0.381518138739232,"02 [20.1001,Inf)","03 [142.6312,531.6402)","03 [-0.0208,0.0506)"
0.381518138739232,"02 [20.1001,Inf)","03 [142.6312,531.6402)","03 [-0.0208,0.0506)"
0.381518138739232,"02 [20.1001,Inf)","03 [142.6312,531.6402)","03 [-0.0208,0.0506)"
0.0270420209346607,"02 [20.1001,Inf)","03 [142.6312,531.6402)","04 [0.0506,Inf)"
0.0270420209346607,"02 [20.1001,Inf)","03 [142.6312,531.6402)","04 [0.0506,Inf)"
0.0270420209346607,"02 [20.1001,Inf)","03 [142.6312,531.6402)","04 [0.0506,Inf)"
0.701222876237081,"01 (-Inf,20.1001)","04 [531.6402,642.8232)","04 [0.0506,Inf)"
0,"02 [20.1001,Inf)","03 [142.6312,531.6402)","04 [0.0506,Inf)"
0,"02 [20.1001,Inf)","03 [142.6312,531.6402)","04 [0.0506,Inf)"
0,"02 [20.1001,Inf)","03 [142.6312,531.6402)","04 [0.0506,Inf)"
0.0336398444094217,"02 [20.1001,Inf)","03 [142.6312,531.6402)","04 [0.0506,Inf)"
0.198924196263152,"02 [20.1001,Inf)","03 [142.6312,531.6402)","04 [0.0506,Inf)"
0,"02 [20.1001,Inf)","03 [142.6312,531.6402)","04 [0.0506,Inf)"
0,"02 [20.1001,Inf)","03 [142.6312,531.6402)","03 [-0.0208,0.0506)"
0,"02 [20.1001,Inf)","03 [142.6312,531.6402)","03 [-0.0208,0.0506)"
0,"02 [20.1001,Inf)","03 [142.6312,531.6402)","03 [-0.0208,0.0506)"
0,"02 [20.1001,Inf)","03 [142.6312,531.6402)","03 [-0.0208,0.0506)"
0.56939567457261,"02 [20.1001,Inf)","03 [142.6312,531.6402)","03 [-0.0208,0.0506)"
0.56939567457261,"02 [20.1001,Inf)","03 [142.6312,531.6402)","03 [-0.0208,0.0506)"
0,"02 [20.1001,Inf)","03 [142.6312,531.6402)","03 [-0.0208,0.0506)"
0.56939567457261,"02 [20.1001,Inf)","03 [142.6312,531.6402)","03 [-0.0208,0.0506)"
0,"02 [20.1001,Inf)","03 [142.6312,531.6402)","03 [-0.0208,0.0506)"
0.437318971079335,"02 [20.1001,Inf)","01 (-Inf,58.1375)","01 (-Inf,-0.0417)"
0.437318971079335,"02 [20.1001,Inf)","01 (-Inf,58.1375)","01 (-Inf,-0.0417)"
0.847459507003955,"01 (-Inf,20.1001)","02 [58.1375,142.6312)","01 (-Inf,-0.0417)"
0.437318971079335,"02 [20.1001,Inf)","01 (-Inf,58.1375)","01 (-Inf,-0.0417)"
0.847459507003955,"01 (-Inf,20.1001)","02 [58.1375,142.6312)","01 (-Inf,-0.0417)"
1.06504004659127,"01 (-Inf,20.1001)","01 (-Inf,58.1375)","01 (-Inf,-0.0417)"
0.0340850304840633,"02 [20.1001,Inf)","04 [531.6402,642.8232)","03 [-0.0208,0.0506)"
0.337657282001379,"02 [20.1001,Inf)","04 [531.6402,642.8232)","03 [-0.0208,0.0506)"
1.22563830259469,"01 (-Inf,20.1001)","02 [58.1375,142.6312)","02 [-0.0417,-0.0208)"
0.869476105747579,"01 (-Inf,20.1001)","03 [142.6312,531.6402)","02 [-0.0417,-0.0208)"
1.22563830259469,"01 (-Inf,20.1001)","02 [58.1375,142.6312)","02 [-0.0417,-0.0208)"
1.04139559417907,"01 (-Inf,20.1001)","03 [142.6312,531.6402)","02 [-0.0417,-0.0208)"
1.0138769268934,"01 (-Inf,20.1001)","03 [142.6312,531.6402)","03 [-0.0208,0.0506)"
0.601122449291942,"02 [20.1001,Inf)","03 [142.6312,531.6402)","03 [-0.0208,0.0506)"
0.64540269301822,"02 [20.1001,Inf)","03 [142.6312,531.6402)","03 [-0.0208,0.0506)"
0.862967057916804,"02 [20.1001,Inf)","03 [142.6312,531.6402)","03 [-0.0208,0.0506)"
0.601122449291942,"02 [20.1001,Inf)","03 [142.6312,531.6402)","03 [-0.0208,0.0506)"
0.601122449291942,"02 [20.1001,Inf)","03 [142.6312,531.6402)","03 [-0.0208,0.0506)"
0.601122449291942,"02 [20.1001,Inf)","03 [142.6312,531.6402)","03 [-0.0208,0.0506)"
0,"01 (-Inf,20.1001)","03 [142.6312,531.6402)","03 [-0.0208,0.0506)"
0.946633200996902,"01 (-Inf,20.1001)","01 (-Inf,58.1375)","01 (-Inf,-0.0417)"
0.798738675785345,"01 (-Inf,20.1001)","01 (-Inf,58.1375)","01 (-Inf,-0.0417)"
1.00831326100282,"01 (-Inf,20.1001)","01 (-Inf,58.1375)","01 (-Inf,-0.0417)"
0.946633200996902,"01 (-Inf,20.1001)","01 (-Inf,58.1375)","01 (-Inf,-0.0417)"
0.798738675785345,"01 (-Inf,20.1001)","01 (-Inf,58.1375)","01 (-Inf,-0.0417)"
1.10255971551107,"01 (-Inf,20.1001)","03 [142.6312,531.6402)","03 [-0.0208,0.0506)"
0.916056373695784,"01 (-Inf,20.1001)","04 [531.6402,642.8232)","03 [-0.0208,0.0506)"
0.916056373695784,"01 (-Inf,20.1001)","04 [531.6402,642.8232)","03 [-0.0208,0.0506)"
0.916056373695784,"01 (-Inf,20.1001)","04 [531.6402,642.8232)","03 [-0.0208,0.0506)"
1.24096023870831,"01 (-Inf,20.1001)","01 (-Inf,58.1375)","01 (-Inf,-0.0417)"
1.20734923539961,"01 (-Inf,20.1001)","01 (-Inf,58.1375)","01 (-Inf,-0.0417)"
1.47211317938481,"01 (-Inf,20.1001)","02 [58.1375,142.6312)","01 (-Inf,-0.0417)"
1.24096023870831,"01 (-Inf,20.1001)","01 (-Inf,58.1375)","01 (-Inf,-0.0417)"
1.20734923539961,"01 (-Inf,20.1001)","01 (-Inf,58.1375)","01 (-Inf,-0.0417)"
1.20734923539961,"01 (-Inf,20.1001)","01 (-Inf,58.1375)","01 (-Inf,-0.0417)"
0.244401596677939,"02 [20.1001,Inf)","03 [142.6312,531.6402)","01 (-Inf,-0.0417)"
0.315058078766837,"01 (-Inf,20.1001)","03 [142.6312,531.6402)","01 (-Inf,-0.0417)"
0.244401596677939,"02 [20.1001,Inf)","03 [142.6312,531.6402)","01 (-Inf,-0.0417)"
0.190361346072759,"02 [20.1001,Inf)","03 [142.6312,531.6402)","01 (-Inf,-0.0417)"
0.676878155836842,"02 [20.1001,Inf)","03 [142.6312,531.6402)","04 [0.0506,Inf)"
0.781842930518234,"02 [20.1001,Inf)","03 [142.6312,531.6402)","04 [0.0506,Inf)"
0.813600180333953,"02 [20.1001,Inf)","03 [142.6312,531.6402)","04 [0.0506,Inf)"
0.676878155836842,"02 [20.1001,Inf)","03 [142.6312,531.6402)","04 [0.0506,Inf)"
0.676878155836842,"02 [20.1001,Inf)","03 [142.6312,531.6402)","04 [0.0506,Inf)"
0.781842930518234,"02 [20.1001,Inf)","03 [142.6312,531.6402)","04 [0.0506,Inf)"
0,"01 (-Inf,20.1001)","01 (-Inf,58.1375)","03 [-0.0208,0.0506)"
0.466555146493824,"01 (-Inf,20.1001)","02 [58.1375,142.6312)","03 [-0.0208,0.0506)"
1.00937962255089,"01 (-Inf,20.1001)","03 [142.6312,531.6402)","03 [-0.0208,0.0506)"
0.989374374734202,"01 (-Inf,20.1001)","03 [142.6312,531.6402)","03 [-0.0208,0.0506)"
1.0064213622235,"01 (-Inf,20.1001)","03 [142.6312,531.6402)","03 [-0.0208,0.0506)"
0.989374374734202,"01 (-Inf,20.1001)","03 [142.6312,531.6402)","03 [-0.0208,0.0506)"
1.0064213622235,"01 (-Inf,20.1001)","03 [142.6312,531.6402)","03 [-0.0208,0.0506)"
0.00228636602345494,"02 [20.1001,Inf)","05 [642.8232,Inf)","03 [-0.0208,0.0506)"
0,"02 [20.1001,Inf)","04 [531.6402,642.8232)","03 [-0.0208,0.0506)"
0.293079307463099,"01 (-Inf,20.1001)","03 [142.6312,531.6402)","03 [-0.0208,0.0506)"
0.293079307463099,"01 (-Inf,20.1001)","03 [142.6312,531.6402)","03 [-0.0208,0.0506)"
0.294181897102026,"01 (-Inf,20.1001)","01 (-Inf,58.1375)","03 [-0.0208,0.0506)"
0.994749151599956,"01 (-Inf,20.1001)","01 (-Inf,58.1375)","03 [-0.0208,0.0506)"
0.750079498132905,"01 (-Inf,20.1001)","04 [531.6402,642.8232)","04 [0.0506,Inf)"
0.677235818599709,"01 (-Inf,20.1001)","04 [531.6402,642.8232)","04 [0.0506,Inf)"
0,"02 [20.1001,Inf)","03 [142.6312,531.6402)","03 [-0.0208,0.0506)"
0,"02 [20.1001,Inf)","03 [142.6312,531.6402)","03 [-0.0208,0.0506)"
1.04852287857175,"01 (-Inf,20.1001)","03 [142.6312,531.6402)","03 [-0.0208,0.0506)"
1.04166994587496,"02 [20.1001,Inf)","03 [142.6312,531.6402)","03 [-0.0208,0.0506)"
0.971795587286746,"01 (-Inf,20.1001)","03 [142.6312,531.6402)","03 [-0.0208,0.0506)"
0.971795587286746,"01 (-Inf,20.1001)","03 [142.6312,531.6402)","03 [-0.0208,0.0506)"
0.971795587286746,"01 (-Inf,20.1001)","03 [142.6312,531.6402)","03 [-0.0208,0.0506)"
0.466308435629604,"02 [20.1001,Inf)","04 [531.6402,642.8232)","03 [-0.0208,0.0506)"
0.00340080277267225,"02 [20.1001,Inf)","04 [531.6402,642.8232)","03 [-0.0208,0.0506)"
0.466308435629604,"02 [20.1001,Inf)","04 [531.6402,642.8232)","03 [-0.0208,0.0506)"
0,"02 [20.1001,Inf)","04 [531.6402,642.8232)","03 [-0.0208,0.0506)"
0.00340080277267225,"02 [20.1001,Inf)","04 [531.6402,642.8232)","03 [-0.0208,0.0506)"
0.466308435629604,"02 [20.1001,Inf)","04 [531.6402,642.8232)","03 [-0.0208,0.0506)"
0.196642207689338,"02 [20.1001,Inf)","03 [142.6312,531.6402)","03 [-0.0208,0.0506)"
0.196642207689338,"01 (-Inf,20.1001)","03 [142.6312,531.6402)","03 [-0.0208,0.0506)"
0.873729779089309,"01 (-Inf,20.1001)","03 [142.6312,531.6402)","03 [-0.0208,0.0506)"
0.196642207689338,"01 (-Inf,20.1001)","03 [142.6312,531.6402)","03 [-0.0208,0.0506)"
0.505618765619777,"02 [20.1001,Inf)","05 [642.8232,Inf)","04 [0.0506,Inf)"
0,"02 [20.1001,Inf)","05 [642.8232,Inf)","03 [-0.0208,0.0506)"
0,"02 [20.1001,Inf)","05 [642.8232,Inf)","04 [0.0506,Inf)"
0,"02 [20.1001,Inf)","05 [642.8232,Inf)","03 [-0.0208,0.0506)"
0.763612097303989,"02 [20.1001,Inf)","04 [531.6402,642.8232)","04 [0.0506,Inf)"
0.763895809460943,"01 (-Inf,20.1001)","04 [531.6402,642.8232)","04 [0.0506,Inf)"
0.911172715273395,"01 (-Inf,20.1001)","04 [531.6402,642.8232)","04 [0.0506,Inf)"
0.7789495626741,"02 [20.1001,Inf)","04 [531.6402,642.8232)","03 [-0.0208,0.0506)"
0.394781896970169,"02 [20.1001,Inf)","04 [531.6402,642.8232)","03 [-0.0208,0.0506)"
0.7789495626741,"02 [20.1001,Inf)","04 [531.6402,642.8232)","03 [-0.0208,0.0506)"
0.718810141765374,"02 [20.1001,Inf)","04 [531.6402,642.8232)","03 [-0.0208,0.0506)"
0.7789495626741,"02 [20.1001,Inf)","04 [531.6402,642.8232)","03 [-0.0208,0.0506)"
0.783569753996703,"02 [20.1001,Inf)","02 [58.1375,142.6312)","02 [-0.0417,-0.0208)"
0.885200432013652,"01 (-Inf,20.1001)","01 (-Inf,58.1375)","02 [-0.0417,-0.0208)"
0.791938670464406,"02 [20.1001,Inf)","01 (-Inf,58.1375)","02 [-0.0417,-0.0208)"
0.0426266807804967,"01 (-Inf,20.1001)","05 [642.8232,Inf)","03 [-0.0208,0.0506)"
0,"01 (-Inf,20.1001)","05 [642.8232,Inf)","03 [-0.0208,0.0506)"
0,"01 (-Inf,20.1001)","03 [142.6312,531.6402)","03 [-0.0208,0.0506)"
0.0777702822205698,"01 (-Inf,20.1001)","03 [142.6312,531.6402)","04 [0.0506,Inf)"
0,"02 [20.1001,Inf)","03 [142.6312,531.6402)","04 [0.0506,Inf)"
0.65492798384788,"02 [20.1001,Inf)","03 [142.6312,531.6402)","03 [-0.0208,0.0506)"
0.171162492256485,"02 [20.1001,Inf)","03 [142.6312,531.6402)","03 [-0.0208,0.0506)"
0.971153920439228,"01 (-Inf,20.1001)","03 [142.6312,531.6402)","03 [-0.0208,0.0506)"
0.856367700688115,"01 (-Inf,20.1001)","03 [142.6312,531.6402)","03 [-0.0208,0.0506)"
0,"01 (-Inf,20.1001)","04 [531.6402,642.8232)","02 [-0.0417,-0.0208)"
0,"01 (-Inf,20.1001)","03 [142.6312,531.6402)","02 [-0.0417,-0.0208)"
0.473287523184173,"01 (-Inf,20.1001)","03 [142.6312,531.6402)","01 (-Inf,-0.0417)"
0,"02 [20.1001,Inf)","04 [531.6402,642.8232)","02 [-0.0417,-0.0208)"
0,"02 [20.1001,Inf)","04 [531.6402,642.8232)","02 [-0.0417,-0.0208)"
0.473287523184173,"01 (-Inf,20.1001)","03 [142.6312,531.6402)","01 (-Inf,-0.0417)"
0,"01 (-Inf,20.1001)","04 [531.6402,642.8232)","03 [-0.0208,0.0506)"
0,"01 (-Inf,20.1001)","04 [531.6402,642.8232)","03 [-0.0208,0.0506)"
0,"01 (-Inf,20.1001)","04 [531.6402,642.8232)","03 [-0.0208,0.0506)"
0,"01 (-Inf,20.1001)","04 [531.6402,642.8232)","03 [-0.0208,0.0506)"
0.000733194687704424,"01 (-Inf,20.1001)","03 [142.6312,531.6402)","03 [-0.0208,0.0506)"
0.484878072944972,"02 [20.1001,Inf)","04 [531.6402,642.8232)","03 [-0.0208,0.0506)"
0.48485152499913,"02 [20.1001,Inf)","04 [531.6402,642.8232)","03 [-0.0208,0.0506)"
0.964575618201028,"02 [20.1001,Inf)","03 [142.6312,531.6402)","03 [-0.0208,0.0506)"
0.964575618201028,"02 [20.1001,Inf)","03 [142.6312,531.6402)","03 [-0.0208,0.0506)"
1.07319681326147,"02 [20.1001,Inf)","03 [142.6312,531.6402)","03 [-0.0208,0.0506)"
0.058659299696771,"02 [20.1001,Inf)","01 (-Inf,58.1375)","03 [-0.0208,0.0506)"
0.0430742363476598,"02 [20.1001,Inf)","03 [142.6312,531.6402)","03 [-0.0208,0.0506)"
0.0444157334583572,"01 (-Inf,20.1001)","02 [58.1375,142.6312)","03 [-0.0208,0.0506)"
1.02685588771603,"02 [20.1001,Inf)","03 [142.6312,531.6402)","03 [-0.0208,0.0506)"
1.00131444805477,"01 (-Inf,20.1001)","01 (-Inf,58.1375)","03 [-0.0208,0.0506)"
0.705909443342193,"02 [20.1001,Inf)","01 (-Inf,58.1375)","03 [-0.0208,0.0506)"
1.00131444805477,"01 (-Inf,20.1001)","01 (-Inf,58.1375)","03 [-0.0208,0.0506)"
0.605417426294812,"01 (-Inf,20.1001)","01 (-Inf,58.1375)","03 [-0.0208,0.0506)"
0.0714161423889172,"01 (-Inf,20.1001)","02 [58.1375,142.6312)","04 [0.0506,Inf)"
0.0714161423889172,"01 (-Inf,20.1001)","02 [58.1375,142.6312)","04 [0.0506,Inf)"
0.605417426294812,"01 (-Inf,20.1001)","01 (-Inf,58.1375)","03 [-0.0208,0.0506)"
0.0706677361676379,"01 (-Inf,20.1001)","01 (-Inf,58.1375)","04 [0.0506,Inf)"
0.0706677361676379,"01 (-Inf,20.1001)","01 (-Inf,58.1375)","04 [0.0506,Inf)"
0.904076122513391,"01 (-Inf,20.1001)","02 [58.1375,142.6312)","02 [-0.0417,-0.0208)"
1.07508696109433,"01 (-Inf,20.1001)","02 [58.1375,142.6312)","03 [-0.0208,0.0506)"
1.09737312923298,"01 (-Inf,20.1001)","02 [58.1375,142.6312)","03 [-0.0208,0.0506)"
1.07508696109433,"01 (-Inf,20.1001)","02 [58.1375,142.6312)","03 [-0.0208,0.0506)"
0.000289804101380119,"02 [20.1001,Inf)","02 [58.1375,142.6312)","04 [0.0506,Inf)"
8.8754560458084e-06,"02 [20.1001,Inf)","02 [58.1375,142.6312)","04 [0.0506,Inf)"
0.000103112070553966,"02 [20.1001,Inf)","02 [58.1375,142.6312)","04 [0.0506,Inf)"
0.048280278152557,"01 (-Inf,20.1001)","01 (-Inf,58.1375)","04 [0.0506,Inf)"
0.0474979044077518,"02 [20.1001,Inf)","02 [58.1375,142.6312)","04 [0.0506,Inf)"
0.0474979044077518,"01 (-Inf,20.1001)","03 [142.6312,531.6402)","03 [-0.0208,0.0506)"
0.0733147588607251,"01 (-Inf,20.1001)","02 [58.1375,142.6312)","04 [0.0506,Inf)"
0,"02 [20.1001,Inf)","04 [531.6402,642.8232)","03 [-0.0208,0.0506)"
0,"02 [20.1001,Inf)","03 [142.6312,531.6402)","03 [-0.0208,0.0506)"
0,"02 [20.1001,Inf)","04 [531.6402,642.8232)","03 [-0.0208,0.0506)"
0,"02 [20.1001,Inf)","03 [142.6312,531.6402)","03 [-0.0208,0.0506)"
0.130181236611344,"02 [20.1001,Inf)","04 [531.6402,642.8232)","03 [-0.0208,0.0506)"
0,"02 [20.1001,Inf)","04 [531.6402,642.8232)","03 [-0.0208,0.0506)"
0.988773862823993,"01 (-Inf,20.1001)","04 [531.6402,642.8232)","04 [0.0506,Inf)"
0.192764724894086,"02 [20.1001,Inf)","05 [642.8232,Inf)","04 [0.0506,Inf)"
0.192764724894086,"02 [20.1001,Inf)","05 [642.8232,Inf)","04 [0.0506,Inf)"
0.814295445716274,"02 [20.1001,Inf)","03 [142.6312,531.6402)","03 [-0.0208,0.0506)"
0.192764724894086,"02 [20.1001,Inf)","05 [642.8232,Inf)","04 [0.0506,Inf)"
0.81463091224346,"01 (-Inf,20.1001)","04 [531.6402,642.8232)","03 [-0.0208,0.0506)"
0,"02 [20.1001,Inf)","04 [531.6402,642.8232)","03 [-0.0208,0.0506)"
0,"02 [20.1001,Inf)","04 [531.6402,642.8232)","03 [-0.0208,0.0506)"
0.499812272884665,"02 [20.1001,Inf)","03 [142.6312,531.6402)","03 [-0.0208,0.0506)"
0.346264156961828,"01 (-Inf,20.1001)","03 [142.6312,531.6402)","02 [-0.0417,-0.0208)"
0.00182003893712542,"01 (-Inf,20.1001)","03 [142.6312,531.6402)","03 [-0.0208,0.0506)"
0.346264156961828,"01 (-Inf,20.1001)","03 [142.6312,531.6402)","02 [-0.0417,-0.0208)"
0.00182003893712542,"01 (-Inf,20.1001)","03 [142.6312,531.6402)","02 [-0.0417,-0.0208)"
0.346264156961828,"01 (-Inf,20.1001)","03 [142.6312,531.6402)","02 [-0.0417,-0.0208)"
0.917803622277482,"02 [20.1001,Inf)","02 [58.1375,142.6312)","03 [-0.0208,0.0506)"
0.917803622277482,"02 [20.1001,Inf)","02 [58.1375,142.6312)","03 [-0.0208,0.0506)"
1.14164217450238,"02 [20.1001,Inf)","03 [142.6312,531.6402)","03 [-0.0208,0.0506)"
1.03222256317777,"02 [20.1001,Inf)","03 [142.6312,531.6402)","03 [-0.0208,0.0506)"
0,"02 [20.1001,Inf)","05 [642.8232,Inf)","03 [-0.0208,0.0506)"
0,"02 [20.1001,Inf)","05 [642.8232,Inf)","03 [-0.0208,0.0506)"
0,"02 [20.1001,Inf)","05 [642.8232,Inf)","04 [0.0506,Inf)"
0,"02 [20.1001,Inf)","03 [142.6312,531.6402)","03 [-0.0208,0.0506)"
0,"02 [20.1001,Inf)","03 [142.6312,531.6402)","03 [-0.0208,0.0506)"
0,"02 [20.1001,Inf)","03 [142.6312,531.6402)","03 [-0.0208,0.0506)"
0,"02 [20.1001,Inf)","03 [142.6312,531.6402)","03 [-0.0208,0.0506)"
0,"02 [20.1001,Inf)","03 [142.6312,531.6402)","03 [-0.0208,0.0506)"
0,"02 [20.1001,Inf)","03 [142.6312,531.6402)","03 [-0.0208,0.0506)"
0.773859682350293,"02 [20.1001,Inf)","03 [142.6312,531.6402)","04 [0.0506,Inf)"
0.671022617434154,"02 [20.1001,Inf)","03 [142.6312,531.6402)","04 [0.0506,Inf)"
0.671152583220748,"01 (-Inf,20.1001)","03 [142.6312,531.6402)","02 [-0.0417,-0.0208)"
0.540164660768703,"01 (-Inf,20.1001)","03 [142.6312,531.6402)","02 [-0.0417,-0.0208)"
0.670521342650902,"01 (-Inf,20.1001)","03 [142.6312,531.6402)","03 [-0.0208,0.0506)"
0.641948269264622,"01 (-Inf,20.1001)","03 [142.6312,531.6402)","03 [-0.0208,0.0506)"
0.430258540096461,"01 (-Inf,20.1001)","04 [531.6402,642.8232)","03 [-0.0208,0.0506)"
0.313218609036049,"01 (-Inf,20.1001)","04 [531.6402,642.8232)","03 [-0.0208,0.0506)"
0.313218609036049,"01 (-Inf,20.1001)","04 [531.6402,642.8232)","03 [-0.0208,0.0506)"
0,"01 (-Inf,20.1001)","04 [531.6402,642.8232)","03 [-0.0208,0.0506)"
0,"01 (-Inf,20.1001)","04 [531.6402,642.8232)","03 [-0.0208,0.0506)"
0,"01 (-Inf,20.1001)","05 [642.8232,Inf)","03 [-0.0208,0.0506)"
0,"01 (-Inf,20.1001)","04 [531.6402,642.8232)","03 [-0.0208,0.0506)"
0.941638178127624,"02 [20.1001,Inf)","03 [142.6312,531.6402)","03 [-0.0208,0.0506)"
0.782010621655306,"02 [20.1001,Inf)","02 [58.1375,142.6312)","03 [-0.0208,0.0506)"
0.581984541344149,"02 [20.1001,Inf)","03 [142.6312,531.6402)","03 [-0.0208,0.0506)"
0.581984541344149,"02 [20.1001,Inf)","02 [58.1375,142.6312)","03 [-0.0208,0.0506)"
0.581984541344149,"02 [20.1001,Inf)","02 [58.1375,142.6312)","03 [-0.0208,0.0506)"
0,"01 (-Inf,20.1001)","03 [142.6312,531.6402)","03 [-0.0208,0.0506)"
0,"01 (-Inf,20.1001)","03 [142.6312,531.6402)","03 [-0.0208,0.0506)"
0.000621730178802702,"02 [20.1001,Inf)","03 [142.6312,531.6402)","03 [-0.0208,0.0506)"
0.0315098417172727,"02 [20.1001,Inf)","03 [142.6312,531.6402)","03 [-0.0208,0.0506)"
0.0315098417172727,"02 [20.1001,Inf)","03 [142.6312,531.6402)","03 [-0.0208,0.0506)"
0.987570469337972,"01 (-Inf,20.1001)","04 [531.6402,642.8232)","04 [0.0506,Inf)"
0.0315098417172727,"02 [20.1001,Inf)","03 [142.6312,531.6402)","03 [-0.0208,0.0506)"
0.0315098417172727,"02 [20.1001,Inf)","03 [142.6312,531.6402)","03 [-0.0208,0.0506)"
0,"01 (-Inf,20.1001)","03 [142.6312,531.6402)","03 [-0.0208,0.0506)"
0,"01 (-Inf,20.1001)","03 [142.6312,531.6402)","03 [-0.0208,0.0506)"
0,"01 (-Inf,20.1001)","03 [142.6312,531.6402)","03 [-0.0208,0.0506)"
0.11814564281497,"02 [20.1001,Inf)","04 [531.6402,642.8232)","03 [-0.0208,0.0506)"
0.64897625956036,"02 [20.1001,Inf)","03 [142.6312,531.6402)","03 [-0.0208,0.0506)"
0.64897625956036,"02 [20.1001,Inf)","03 [142.6312,531.6402)","03 [-0.0208,0.0506)"
0.64897625956036,"02 [20.1001,Inf)","03 [142.6312,531.6402)","03 [-0.0208,0.0506)"
0.11814564281497,"02 [20.1001,Inf)","04 [531.6402,642.8232)","03 [-0.0208,0.0506)"
0.11814564281497,"02 [20.1001,Inf)","04 [531.6402,642.8232)","03 [-0.0208,0.0506)"
0.120775229531393,"02 [20.1001,Inf)","04 [531.6402,642.8232)","03 [-0.0208,0.0506)"
0.120775229531393,"02 [20.1001,Inf)","04 [531.6402,642.8232)","03 [-0.0208,0.0506)"
0.00965778132351612,"02 [20.1001,Inf)","04 [531.6402,642.8232)","03 [-0.0208,0.0506)"
0.00965778132351612,"02 [20.1001,Inf)","04 [531.6402,642.8232)","03 [-0.0208,0.0506)"
0.00965778132351612,"02 [20.1001,Inf)","04 [531.6402,642.8232)","03 [-0.0208,0.0506)"
0.00965778132351612,"02 [20.1001,Inf)","04 [531.6402,642.8232)","03 [-0.0208,0.0506)"
0.00965778132351612,"02 [20.1001,Inf)","05 [642.8232,Inf)","03 [-0.0208,0.0506)"
0.622254377603556,"01 (-Inf,20.1001)","03 [142.6312,531.6402)","03 [-0.0208,0.0506)"
0.622254377603556,"01 (-Inf,20.1001)","03 [142.6312,531.6402)","03 [-0.0208,0.0506)"
0.622254377603556,"01 (-Inf,20.1001)","03 [142.6312,531.6402)","03 [-0.0208,0.0506)"
0,"02 [20.1001,Inf)","03 [142.6312,531.6402)","03 [-0.0208,0.0506)"
0.622254377603556,"01 (-Inf,20.1001)","03 [142.6312,531.6402)","03 [-0.0208,0.0506)"
0.00451203235108887,"02 [20.1001,Inf)","03 [142.6312,531.6402)","03 [-0.0208,0.0506)"
0.304461316999783,"02 [20.1001,Inf)","03 [142.6312,531.6402)","04 [0.0506,Inf)"
0.299257956282355,"01 (-Inf,20.1001)","03 [142.6312,531.6402)","04 [0.0506,Inf)"
0.00348230737279647,"02 [20.1001,Inf)","03 [142.6312,531.6402)","03 [-0.0208,0.0506)"
0.00988303967509093,"02 [20.1001,Inf)","04 [531.6402,642.8232)","03 [-0.0208,0.0506)"
0,"02 [20.1001,Inf)","03 [142.6312,531.6402)","03 [-0.0208,0.0506)"
0.499484369913835,"02 [20.1001,Inf)","04 [531.6402,642.8232)","03 [-0.0208,0.0506)"
0,"02 [20.1001,Inf)","03 [142.6312,531.6402)","02 [-0.0417,-0.0208)"
0.508271426451318,"02 [20.1001,Inf)","04 [531.6402,642.8232)","03 [-0.0208,0.0506)"
1.03680800897317,"02 [20.1001,Inf)","02 [58.1375,142.6312)","01 (-Inf,-0.0417)"
1.02121901173878,"01 (-Inf,20.1001)","02 [58.1375,142.6312)","01 (-Inf,-0.0417)"
1.38250774821863,"01 (-Inf,20.1001)","01 (-Inf,58.1375)","01 (-Inf,-0.0417)"
0,"01 (-Inf,20.1001)","01 (-Inf,58.1375)","01 (-Inf,-0.0417)"
0.160547863430286,"01 (-Inf,20.1001)","02 [58.1375,142.6312)","01 (-Inf,-0.0417)"
0,"01 (-Inf,20.1001)","02 [58.1375,142.6312)","01 (-Inf,-0.0417)"
0,"01 (-Inf,20.1001)","01 (-Inf,58.1375)","01 (-Inf,-0.0417)"
0.00120696464386282,"02 [20.1001,Inf)","05 [642.8232,Inf)","04 [0.0506,Inf)"
0.00120696464386282,"02 [20.1001,Inf)","05 [642.8232,Inf)","04 [0.0506,Inf)"
0.453318391790351,"01 (-Inf,20.1001)","03 [142.6312,531.6402)","02 [-0.0417,-0.0208)"
0,"02 [20.1001,Inf)","03 [142.6312,531.6402)","03 [-0.0208,0.0506)"
0.00584008441236671,"02 [20.1001,Inf)","03 [142.6312,531.6402)","03 [-0.0208,0.0506)"
0.0121161803436872,"01 (-Inf,20.1001)","03 [142.6312,531.6402)","03 [-0.0208,0.0506)"
0.00377892353873396,"02 [20.1001,Inf)","04 [531.6402,642.8232)","03 [-0.0208,0.0506)"
0.00377892353873396,"02 [20.1001,Inf)","04 [531.6402,642.8232)","03 [-0.0208,0.0506)"
0.606237027892612,"02 [20.1001,Inf)","03 [142.6312,531.6402)","03 [-0.0208,0.0506)"
0.793812886248315,"01 (-Inf,20.1001)","01 (-Inf,58.1375)","02 [-0.0417,-0.0208)"
0.793812886248315,"01 (-Inf,20.1001)","01 (-Inf,58.1375)","02 [-0.0417,-0.0208)"
0,"02 [20.1001,Inf)","03 [142.6312,531.6402)","02 [-0.0417,-0.0208)"
0,"02 [20.1001,Inf)","03 [142.6312,531.6402)","03 [-0.0208,0.0506)"
0.0428607825067119,"01 (-Inf,20.1001)","03 [142.6312,531.6402)","01 (-Inf,-0.0417)"
0.864889486733126,"01 (-Inf,20.1001)","03 [142.6312,531.6402)","03 [-0.0208,0.0506)"
0.737214194068233,"01 (-Inf,20.1001)","03 [142.6312,531.6402)","01 (-Inf,-0.0417)"
0.864889486733126,"01 (-Inf,20.1001)","03 [142.6312,531.6402)","03 [-0.0208,0.0506)"
0.65301785071165,"01 (-Inf,20.1001)","03 [142.6312,531.6402)","02 [-0.0417,-0.0208)"
0.0428607825067119,"01 (-Inf,20.1001)","03 [142.6312,531.6402)","01 (-Inf,-0.0417)"
0.512041257847059,"01 (-Inf,20.1001)","02 [58.1375,142.6312)","01 (-Inf,-0.0417)"
0.0428607825067119,"01 (-Inf,20.1001)","03 [142.6312,531.6402)","01 (-Inf,-0.0417)"
0.940454570451626,"01 (-Inf,20.1001)","01 (-Inf,58.1375)","01 (-Inf,-0.0417)"
0.962085180723774,"01 (-Inf,20.1001)","01 (-Inf,58.1375)","02 [-0.0417,-0.0208)"
1.05308684165413,"01 (-Inf,20.1001)","01 (-Inf,58.1375)","01 (-Inf,-0.0417)"
0.366007525819487,"01 (-Inf,20.1001)","04 [531.6402,642.8232)","03 [-0.0208,0.0506)"
1.01242765653221,"02 [20.1001,Inf)","04 [531.6402,642.8232)","04 [0.0506,Inf)"
0.862012036602504,"02 [20.1001,Inf)","03 [142.6312,531.6402)","04 [0.0506,Inf)"
0.125470618698173,"02 [20.1001,Inf)","03 [142.6312,531.6402)","03 [-0.0208,0.0506)"
0.184722024668511,"02 [20.1001,Inf)","03 [142.6312,531.6402)","03 [-0.0208,0.0506)"
0.00129740587021013,"02 [20.1001,Inf)","03 [142.6312,531.6402)","04 [0.0506,Inf)"
0,"02 [20.1001,Inf)","02 [58.1375,142.6312)","03 [-0.0208,0.0506)"
0,"02 [20.1001,Inf)","02 [58.1375,142.6312)","03 [-0.0208,0.0506)"
0.00129740587021013,"02 [20.1001,Inf)","03 [142.6312,531.6402)","04 [0.0506,Inf)"
0.283456589691169,"02 [20.1001,Inf)","03 [142.6312,531.6402)","03 [-0.0208,0.0506)"
0.283456589691169,"02 [20.1001,Inf)","03 [142.6312,531.6402)","03 [-0.0208,0.0506)"
0.0384697249309641,"01 (-Inf,20.1001)","03 [142.6312,531.6402)","03 [-0.0208,0.0506)"
0.0384697249309641,"01 (-Inf,20.1001)","03 [142.6312,531.6402)","03 [-0.0208,0.0506)"
0.0384697249309641,"01 (-Inf,20.1001)","03 [142.6312,531.6402)","03 [-0.0208,0.0506)"
0.208991716584083,"01 (-Inf,20.1001)","03 [142.6312,531.6402)","03 [-0.0208,0.0506)"
0,"01 (-Inf,20.1001)","05 [642.8232,Inf)","03 [-0.0208,0.0506)"
0.443789432023091,"02 [20.1001,Inf)","05 [642.8232,Inf)","03 [-0.0208,0.0506)"
0.961717474901851,"02 [20.1001,Inf)","04 [531.6402,642.8232)","03 [-0.0208,0.0506)"
0.307916431974538,"02 [20.1001,Inf)","04 [531.6402,642.8232)","03 [-0.0208,0.0506)"
0.961717474901851,"02 [20.1001,Inf)","04 [531.6402,642.8232)","03 [-0.0208,0.0506)"
0.961717474901851,"02 [20.1001,Inf)","04 [531.6402,642.8232)","03 [-0.0208,0.0506)"
0.531991065880753,"02 [20.1001,Inf)","03 [142.6312,531.6402)","03 [-0.0208,0.0506)"
0.735246262580928,"02 [20.1001,Inf)","03 [142.6312,531.6402)","03 [-0.0208,0.0506)"
0.735246262580928,"02 [20.1001,Inf)","03 [142.6312,531.6402)","03 [-0.0208,0.0506)"
0,"01 (-Inf,20.1001)","03 [142.6312,531.6402)","01 (-Inf,-0.0417)"
0.617625013891987,"01 (-Inf,20.1001)","03 [142.6312,531.6402)","02 [-0.0417,-0.0208)"
0.617625013891987,"01 (-Inf,20.1001)","03 [142.6312,531.6402)","02 [-0.0417,-0.0208)"
0.954306974590557,"01 (-Inf,20.1001)","03 [142.6312,531.6402)","01 (-Inf,-0.0417)"
0.110703255824915,"02 [20.1001,Inf)","03 [142.6312,531.6402)","03 [-0.0208,0.0506)"
0.110703255824915,"02 [20.1001,Inf)","04 [531.6402,642.8232)","04 [0.0506,Inf)"
0.646008539060027,"02 [20.1001,Inf)","03 [142.6312,531.6402)","04 [0.0506,Inf)"
0.623322442748814,"02 [20.1001,Inf)","04 [531.6402,642.8232)","04 [0.0506,Inf)"
0.110703255824915,"02 [20.1001,Inf)","03 [142.6312,531.6402)","03 [-0.0208,0.0506)"
0.110703255824915,"02 [20.1001,Inf)","03 [142.6312,531.6402)","03 [-0.0208,0.0506)"
0.110703255824915,"02 [20.1001,Inf)","03 [142.6312,531.6402)","03 [-0.0208,0.0506)"
0.110703255824915,"02 [20.1001,Inf)","04 [531.6402,642.8232)","04 [0.0506,Inf)"
0.110703255824915,"02 [20.1001,Inf)","03 [142.6312,531.6402)","03 [-0.0208,0.0506)"
0.437974344485996,"02 [20.1001,Inf)","04 [531.6402,642.8232)","03 [-0.0208,0.0506)"
0,"02 [20.1001,Inf)","03 [142.6312,531.6402)","04 [0.0506,Inf)"
0.100536629652952,"02 [20.1001,Inf)","02 [58.1375,142.6312)","04 [0.0506,Inf)"
0,"02 [20.1001,Inf)","03 [142.6312,531.6402)","03 [-0.0208,0.0506)"
0,"01 (-Inf,20.1001)","04 [531.6402,642.8232)","03 [-0.0208,0.0506)"
0.75469722081329,"02 [20.1001,Inf)","05 [642.8232,Inf)","03 [-0.0208,0.0506)"
0,"02 [20.1001,Inf)","03 [142.6312,531.6402)","04 [0.0506,Inf)"
0.75469722081329,"02 [20.1001,Inf)","05 [642.8232,Inf)","03 [-0.0208,0.0506)"
0,"02 [20.1001,Inf)","04 [531.6402,642.8232)","04 [0.0506,Inf)"
0,"02 [20.1001,Inf)","04 [531.6402,642.8232)","04 [0.0506,Inf)"
0,"02 [20.1001,Inf)","03 [142.6312,531.6402)","04 [0.0506,Inf)"
0.75432677150316,"01 (-Inf,20.1001)","03 [142.6312,531.6402)","03 [-0.0208,0.0506)"
0.422149553701095,"02 [20.1001,Inf)","03 [142.6312,531.6402)","04 [0.0506,Inf)"
0.0239760983239001,"02 [20.1001,Inf)","04 [531.6402,642.8232)","03 [-0.0208,0.0506)"
0.422149553701095,"02 [20.1001,Inf)","03 [142.6312,531.6402)","04 [0.0506,Inf)"
0.422149553701095,"02 [20.1001,Inf)","03 [142.6312,531.6402)","04 [0.0506,Inf)"
0.0239760983239001,"02 [20.1001,Inf)","04 [531.6402,642.8232)","03 [-0.0208,0.0506)"
0.814052389140306,"01 (-Inf,20.1001)","03 [142.6312,531.6402)","03 [-0.0208,0.0506)"
0.804879270014601,"01 (-Inf,20.1001)","03 [142.6312,531.6402)","03 [-0.0208,0.0506)"
0.711347661939356,"02 [20.1001,Inf)","03 [142.6312,531.6402)","03 [-0.0208,0.0506)"
0.831135811131217,"01 (-Inf,20.1001)","03 [142.6312,531.6402)","03 [-0.0208,0.0506)"
0,"02 [20.1001,Inf)","05 [642.8232,Inf)","01 (-Inf,-0.0417)"
0.0757050365579909,"02 [20.1001,Inf)","05 [642.8232,Inf)","01 (-Inf,-0.0417)"
0,"02 [20.1001,Inf)","03 [142.6312,531.6402)","02 [-0.0417,-0.0208)"
0,"02 [20.1001,Inf)","03 [142.6312,531.6402)","02 [-0.0417,-0.0208)"
0,"01 (-Inf,20.1001)","03 [142.6312,531.6402)","03 [-0.0208,0.0506)"
0,"02 [20.1001,Inf)","03 [142.6312,531.6402)","03 [-0.0208,0.0506)"
0,"02 [20.1001,Inf)","03 [142.6312,531.6402)","03 [-0.0208,0.0506)"
0,"02 [20.1001,Inf)","03 [142.6312,531.6402)","03 [-0.0208,0.0506)"
0,"02 [20.1001,Inf)","03 [142.6312,531.6402)","03 [-0.0208,0.0506)"
0,"01 (-Inf,20.1001)","03 [142.6312,531.6402)","03 [-0.0208,0.0506)"
0.78430316101939,"01 (-Inf,20.1001)","03 [142.6312,531.6402)","01 (-Inf,-0.0417)"
0.354726346697886,"01 (-Inf,20.1001)","03 [142.6312,531.6402)","01 (-Inf,-0.0417)"
0.709757812869483,"01 (-Inf,20.1001)","03 [142.6312,531.6402)","02 [-0.0417,-0.0208)"
0.170836899792262,"01 (-Inf,20.1001)","02 [58.1375,142.6312)","03 [-0.0208,0.0506)"
0.78430316101939,"01 (-Inf,20.1001)","03 [142.6312,531.6402)","01 (-Inf,-0.0417)"
0.984455508315637,"02 [20.1001,Inf)","02 [58.1375,142.6312)","02 [-0.0417,-0.0208)"
0.968477632041961,"02 [20.1001,Inf)","02 [58.1375,142.6312)","02 [-0.0417,-0.0208)"
1.00097812331764,"02 [20.1001,Inf)","02 [58.1375,142.6312)","02 [-0.0417,-0.0208)"
0.989256446710698,"02 [20.1001,Inf)","02 [58.1375,142.6312)","02 [-0.0417,-0.0208)"
0.989256446710698,"02 [20.1001,Inf)","02 [58.1375,142.6312)","02 [-0.0417,-0.0208)"
0.072524475607214,"02 [20.1001,Inf)","03 [142.6312,531.6402)","03 [-0.0208,0.0506)"
0.500839362733618,"02 [20.1001,Inf)","03 [142.6312,531.6402)","03 [-0.0208,0.0506)"
0.072524475607214,"02 [20.1001,Inf)","03 [142.6312,531.6402)","03 [-0.0208,0.0506)"
0.500839362733618,"02 [20.1001,Inf)","03 [142.6312,531.6402)","03 [-0.0208,0.0506)"
0.0672943597321802,"02 [20.1001,Inf)","04 [531.6402,642.8232)","03 [-0.0208,0.0506)"
0.0641294831565639,"02 [20.1001,Inf)","03 [142.6312,531.6402)","03 [-0.0208,0.0506)"
0.0672943597321802,"02 [20.1001,Inf)","04 [531.6402,642.8232)","03 [-0.0208,0.0506)"
0.0151590698285353,"02 [20.1001,Inf)","03 [142.6312,531.6402)","03 [-0.0208,0.0506)"
0.0151590698285353,"02 [20.1001,Inf)","03 [142.6312,531.6402)","03 [-0.0208,0.0506)"
0.0151590698285353,"02 [20.1001,Inf)","03 [142.6312,531.6402)","03 [-0.0208,0.0506)"
0.410442173043503,"01 (-Inf,20.1001)","05 [642.8232,Inf)","03 [-0.0208,0.0506)"
0.410442173043503,"01 (-Inf,20.1001)","05 [642.8232,Inf)","03 [-0.0208,0.0506)"
0.984170755734663,"01 (-Inf,20.1001)","03 [142.6312,531.6402)","01 (-Inf,-0.0417)"
0.986021109934624,"01 (-Inf,20.1001)","03 [142.6312,531.6402)","01 (-Inf,-0.0417)"
0.995378397050402,"01 (-Inf,20.1001)","03 [142.6312,531.6402)","01 (-Inf,-0.0417)"
0.0707910117373498,"01 (-Inf,20.1001)","01 (-Inf,58.1375)","04 [0.0506,Inf)"
0,"01 (-Inf,20.1001)","03 [142.6312,531.6402)","02 [-0.0417,-0.0208)"
0,"02 [20.1001,Inf)","03 [142.6312,531.6402)","01 (-Inf,-0.0417)"
0.951374712853323,"02 [20.1001,Inf)","04 [531.6402,642.8232)","03 [-0.0208,0.0506)"
1.00134651169969,"02 [20.1001,Inf)","04 [531.6402,642.8232)","03 [-0.0208,0.0506)"
1.27139891782734,"01 (-Inf,20.1001)","03 [142.6312,531.6402)","02 [-0.0417,-0.0208)"
1.27139891782734,"01 (-Inf,20.1001)","03 [142.6312,531.6402)","02 [-0.0417,-0.0208)"
1.00208650606176,"01 (-Inf,20.1001)","03 [142.6312,531.6402)","02 [-0.0417,-0.0208)"
1.27139891782734,"01 (-Inf,20.1001)","03 [142.6312,531.6402)","02 [-0.0417,-0.0208)"
1.23480005149039,"01 (-Inf,20.1001)","02 [58.1375,142.6312)","01 (-Inf,-0.0417)"
0,"02 [20.1001,Inf)","03 [142.6312,531.6402)","03 [-0.0208,0.0506)"
0.24400946265054,"02 [20.1001,Inf)","04 [531.6402,642.8232)","03 [-0.0208,0.0506)"
0,"02 [20.1001,Inf)","02 [58.1375,142.6312)","03 [-0.0208,0.0506)"
0.000527138768324936,"02 [20.1001,Inf)","02 [58.1375,142.6312)","03 [-0.0208,0.0506)"
0,"02 [20.1001,Inf)","03 [142.6312,531.6402)","03 [-0.0208,0.0506)"
0,"02 [20.1001,Inf)","03 [142.6312,531.6402)","03 [-0.0208,0.0506)"
0.0461403165444505,"02 [20.1001,Inf)","02 [58.1375,142.6312)","03 [-0.0208,0.0506)"
0,"01 (-Inf,20.1001)","03 [142.6312,531.6402)","03 [-0.0208,0.0506)"
0,"01 (-Inf,20.1001)","03 [142.6312,531.6402)","03 [-0.0208,0.0506)"
0,"02 [20.1001,Inf)","04 [531.6402,642.8232)","03 [-0.0208,0.0506)"
0,"02 [20.1001,Inf)","04 [531.6402,642.8232)","03 [-0.0208,0.0506)"
0.932808413093895,"02 [20.1001,Inf)","03 [142.6312,531.6402)","03 [-0.0208,0.0506)"
0.932808413093895,"02 [20.1001,Inf)","03 [142.6312,531.6402)","03 [-0.0208,0.0506)"
1.00451655646629,"01 (-Inf,20.1001)","03 [142.6312,531.6402)","03 [-0.0208,0.0506)"
0.000398934876580308,"02 [20.1001,Inf)","04 [531.6402,642.8232)","03 [-0.0208,0.0506)"
0.971501466518243,"02 [20.1001,Inf)","05 [642.8232,Inf)","03 [-0.0208,0.0506)"
0.000398934876580308,"02 [20.1001,Inf)","04 [531.6402,642.8232)","03 [-0.0208,0.0506)"
0.00327983117090497,"02 [20.1001,Inf)","04 [531.6402,642.8232)","03 [-0.0208,0.0506)"
0.49437706206228,"01 (-Inf,20.1001)","03 [142.6312,531.6402)","03 [-0.0208,0.0506)"
0.468465411587679,"01 (-Inf,20.1001)","01 (-Inf,58.1375)","03 [-0.0208,0.0506)"
0.467230981974059,"01 (-Inf,20.1001)","03 [142.6312,531.6402)","03 [-0.0208,0.0506)"
1.05611677946171,"01 (-Inf,20.1001)","03 [142.6312,531.6402)","03 [-0.0208,0.0506)"
0.467230981974059,"01 (-Inf,20.1001)","02 [58.1375,142.6312)","03 [-0.0208,0.0506)"
0.152597865049481,"02 [20.1001,Inf)","04 [531.6402,642.8232)","04 [0.0506,Inf)"
0.195435705651519,"02 [20.1001,Inf)","04 [531.6402,642.8232)","04 [0.0506,Inf)"
0.167741207024406,"02 [20.1001,Inf)","05 [642.8232,Inf)","04 [0.0506,Inf)"
0.167741207024406,"02 [20.1001,Inf)","05 [642.8232,Inf)","04 [0.0506,Inf)"
0,"02 [20.1001,Inf)","04 [531.6402,642.8232)","04 [0.0506,Inf)"
0.255030285868387,"01 (-Inf,20.1001)","03 [142.6312,531.6402)","02 [-0.0417,-0.0208)"
0.149680556777699,"01 (-Inf,20.1001)","03 [142.6312,531.6402)","03 [-0.0208,0.0506)"
0.255030285868387,"01 (-Inf,20.1001)","03 [142.6312,531.6402)","02 [-0.0417,-0.0208)"
0.149680556777699,"02 [20.1001,Inf)","03 [142.6312,531.6402)","02 [-0.0417,-0.0208)"
0.149680556777699,"02 [20.1001,Inf)","03 [142.6312,531.6402)","02 [-0.0417,-0.0208)"
0.811140352777935,"01 (-Inf,20.1001)","04 [531.6402,642.8232)","04 [0.0506,Inf)"
0.774826980570231,"01 (-Inf,20.1001)","04 [531.6402,642.8232)","04 [0.0506,Inf)"
0.7821525360508,"01 (-Inf,20.1001)","04 [531.6402,642.8232)","04 [0.0506,Inf)"
0.678891520022928,"01 (-Inf,20.1001)","04 [531.6402,642.8232)","03 [-0.0208,0.0506)"
0.533187488364801,"02 [20.1001,Inf)","04 [531.6402,642.8232)","04 [0.0506,Inf)"
0.612037353100384,"02 [20.1001,Inf)","04 [531.6402,642.8232)","03 [-0.0208,0.0506)"
0.725631067787912,"02 [20.1001,Inf)","03 [142.6312,531.6402)","04 [0.0506,Inf)"
0.0415084441293059,"02 [20.1001,Inf)","04 [531.6402,642.8232)","03 [-0.0208,0.0506)"
0.657073313268829,"02 [20.1001,Inf)","04 [531.6402,642.8232)","03 [-0.0208,0.0506)"
0.319694150589985,"02 [20.1001,Inf)","04 [531.6402,642.8232)","03 [-0.0208,0.0506)"
0.604258385617386,"02 [20.1001,Inf)","05 [642.8232,Inf)","03 [-0.0208,0.0506)"
0.657073313268829,"02 [20.1001,Inf)","04 [531.6402,642.8232)","03 [-0.0208,0.0506)"
1.30936405456637,"01 (-Inf,20.1001)","03 [142.6312,531.6402)","01 (-Inf,-0.0417)"
1.32342518020614,"01 (-Inf,20.1001)","03 [142.6312,531.6402)","01 (-Inf,-0.0417)"
1.31434652841715,"01 (-Inf,20.1001)","03 [142.6312,531.6402)","01 (-Inf,-0.0417)"
1.30936405456637,"01 (-Inf,20.1001)","03 [142.6312,531.6402)","01 (-Inf,-0.0417)"
1.01573292174218,"01 (-Inf,20.1001)","03 [142.6312,531.6402)","02 [-0.0417,-0.0208)"
0.241521863944614,"01 (-Inf,20.1001)","04 [531.6402,642.8232)","01 (-Inf,-0.0417)"
0.241521863944614,"01 (-Inf,20.1001)","04 [531.6402,642.8232)","01 (-Inf,-0.0417)"
0,"02 [20.1001,Inf)","04 [531.6402,642.8232)","03 [-0.0208,0.0506)"
0.349112829124093,"02 [20.1001,Inf)","03 [142.6312,531.6402)","03 [-0.0208,0.0506)"
0.447117081813311,"02 [20.1001,Inf)","03 [142.6312,531.6402)","03 [-0.0208,0.0506)"
0.447117081813311,"02 [20.1001,Inf)","03 [142.6312,531.6402)","03 [-0.0208,0.0506)"
0.88938412434116,"01 (-Inf,20.1001)","03 [142.6312,531.6402)","04 [0.0506,Inf)"
0.340790921832486,"02 [20.1001,Inf)","03 [142.6312,531.6402)","04 [0.0506,Inf)"
0.889088185021372,"02 [20.1001,Inf)","03 [142.6312,531.6402)","04 [0.0506,Inf)"
0.000181891157646338,"02 [20.1001,Inf)","04 [531.6402,642.8232)","03 [-0.0208,0.0506)"
0,"02 [20.1001,Inf)","04 [531.6402,642.8232)","03 [-0.0208,0.0506)"
0,"01 (-Inf,20.1001)","03 [142.6312,531.6402)","04 [0.0506,Inf)"
0,"01 (-Inf,20.1001)","03 [142.6312,531.6402)","04 [0.0506,Inf)"
0,"01 (-Inf,20.1001)","03 [142.6312,531.6402)","04 [0.0506,Inf)"
0,"01 (-Inf,20.1001)","03 [142.6312,531.6402)","04 [0.0506,Inf)"
0.0793087357982164,"01 (-Inf,20.1001)","03 [142.6312,531.6402)","04 [0.0506,Inf)"
0,"02 [20.1001,Inf)","04 [531.6402,642.8232)","03 [-0.0208,0.0506)"
0,"02 [20.1001,Inf)","04 [531.6402,642.8232)","02 [-0.0417,-0.0208)"
0,"02 [20.1001,Inf)","04 [531.6402,642.8232)","02 [-0.0417,-0.0208)"
0.00988253550532379,"02 [20.1001,Inf)","04 [531.6402,642.8232)","03 [-0.0208,0.0506)"
0.278594428905846,"02 [20.1001,Inf)","05 [642.8232,Inf)","04 [0.0506,Inf)"
0.818168730710251,"02 [20.1001,Inf)","05 [642.8232,Inf)","03 [-0.0208,0.0506)"
0.918313352572634,"02 [20.1001,Inf)","04 [531.6402,642.8232)","04 [0.0506,Inf)"
0.278594428905846,"02 [20.1001,Inf)","05 [642.8232,Inf)","04 [0.0506,Inf)"
0.533592405918806,"02 [20.1001,Inf)","05 [642.8232,Inf)","03 [-0.0208,0.0506)"
0.773637292074103,"02 [20.1001,Inf)","03 [142.6312,531.6402)","03 [-0.0208,0.0506)"
0.983770271912965,"01 (-Inf,20.1001)","04 [531.6402,642.8232)","04 [0.0506,Inf)"
0.00512166863515056,"01 (-Inf,20.1001)","02 [58.1375,142.6312)","02 [-0.0417,-0.0208)"
0.378118008509377,"01 (-Inf,20.1001)","03 [142.6312,531.6402)","02 [-0.0417,-0.0208)"
0.0856643003340917,"01 (-Inf,20.1001)","03 [142.6312,531.6402)","02 [-0.0417,-0.0208)"
0.97337093516772,"02 [20.1001,Inf)","03 [142.6312,531.6402)","04 [0.0506,Inf)"
0,"02 [20.1001,Inf)","03 [142.6312,531.6402)","03 [-0.0208,0.0506)"
0.183272420490739,"02 [20.1001,Inf)","03 [142.6312,531.6402)","02 [-0.0417,-0.0208)"
0,"02 [20.1001,Inf)","04 [531.6402,642.8232)","03 [-0.0208,0.0506)"
0,"02 [20.1001,Inf)","03 [142.6312,531.6402)","03 [-0.0208,0.0506)"
0.0280659950052705,"01 (-Inf,20.1001)","05 [642.8232,Inf)","03 [-0.0208,0.0506)"
0.0280659950052705,"01 (-Inf,20.1001)","05 [642.8232,Inf)","03 [-0.0208,0.0506)"
0.0280659950052705,"01 (-Inf,20.1001)","05 [642.8232,Inf)","03 [-0.0208,0.0506)"
0.31531471102292,"02 [20.1001,Inf)","04 [531.6402,642.8232)","03 [-0.0208,0.0506)"
0.317741737281151,"02 [20.1001,Inf)","04 [531.6402,642.8232)","03 [-0.0208,0.0506)"
0.0020468801328658,"02 [20.1001,Inf)","04 [531.6402,642.8232)","03 [-0.0208,0.0506)"
0,"02 [20.1001,Inf)","05 [642.8232,Inf)","04 [0.0506,Inf)"
0,"02 [20.1001,Inf)","05 [642.8232,Inf)","04 [0.0506,Inf)"
0,"02 [20.1001,Inf)","05 [642.8232,Inf)","04 [0.0506,Inf)"
0,"02 [20.1001,Inf)","05 [642.8232,Inf)","04 [0.0506,Inf)"
0,"02 [20.1001,Inf)","05 [642.8232,Inf)","04 [0.0506,Inf)"
0,"02 [20.1001,Inf)","05 [642.8232,Inf)","04 [0.0506,Inf)"
0,"02 [20.1001,Inf)","05 [642.8232,Inf)","04 [0.0506,Inf)"
0.00808225873731659,"01 (-Inf,20.1001)","04 [531.6402,642.8232)","03 [-0.0208,0.0506)"
0,"02 [20.1001,Inf)","04 [531.6402,642.8232)","02 [-0.0417,-0.0208)"
0.00357947089814222,"01 (-Inf,20.1001)","03 [142.6312,531.6402)","03 [-0.0208,0.0506)"
0,"01 (-Inf,20.1001)","04 [531.6402,642.8232)","03 [-0.0208,0.0506)"
0.00808225873731659,"01 (-Inf,20.1001)","04 [531.6402,642.8232)","03 [-0.0208,0.0506)"
0.00357947089814222,"01 (-Inf,20.1001)","03 [142.6312,531.6402)","03 [-0.0208,0.0506)"
0.0597157507599592,"01 (-Inf,20.1001)","03 [142.6312,531.6402)","04 [0.0506,Inf)"
0.0114503748363221,"01 (-Inf,20.1001)","03 [142.6312,531.6402)","03 [-0.0208,0.0506)"
0.125721605894918,"02 [20.1001,Inf)","03 [142.6312,531.6402)","04 [0.0506,Inf)"
0.125721605894918,"02 [20.1001,Inf)","03 [142.6312,531.6402)","04 [0.0506,Inf)"
0.0114503748363221,"02 [20.1001,Inf)","03 [142.6312,531.6402)","04 [0.0506,Inf)"
0.0114503748363221,"02 [20.1001,Inf)","03 [142.6312,531.6402)","04 [0.0506,Inf)"
0.185947741314862,"02 [20.1001,Inf)","05 [642.8232,Inf)","03 [-0.0208,0.0506)"
0.184072009986266,"02 [20.1001,Inf)","04 [531.6402,642.8232)","03 [-0.0208,0.0506)"
0.184072009986266,"02 [20.1001,Inf)","04 [531.6402,642.8232)","03 [-0.0208,0.0506)"
0.185947741314862,"02 [20.1001,Inf)","05 [642.8232,Inf)","03 [-0.0208,0.0506)"
0.574055303462034,"02 [20.1001,Inf)","05 [642.8232,Inf)","03 [-0.0208,0.0506)"
0.185947741314862,"02 [20.1001,Inf)","05 [642.8232,Inf)","03 [-0.0208,0.0506)"
0.186916170984464,"02 [20.1001,Inf)","04 [531.6402,642.8232)","03 [-0.0208,0.0506)"
0.00106450154723138,"02 [20.1001,Inf)","05 [642.8232,Inf)","03 [-0.0208,0.0506)"
0,"02 [20.1001,Inf)","05 [642.8232,Inf)","03 [-0.0208,0.0506)"
0.000250247903760746,"01 (-Inf,20.1001)","03 [142.6312,531.6402)","03 [-0.0208,0.0506)"
0.000250247903760746,"01 (-Inf,20.1001)","03 [142.6312,531.6402)","03 [-0.0208,0.0506)"
0.815096458332894,"01 (-Inf,20.1001)","01 (-Inf,58.1375)","03 [-0.0208,0.0506)"
0,"02 [20.1001,Inf)","04 [531.6402,642.8232)","03 [-0.0208,0.0506)"
0,"02 [20.1001,Inf)","04 [531.6402,642.8232)","03 [-0.0208,0.0506)"
0,"02 [20.1001,Inf)","04 [531.6402,642.8232)","03 [-0.0208,0.0506)"
0.516966376735362,"01 (-Inf,20.1001)","03 [142.6312,531.6402)","03 [-0.0208,0.0506)"
0.403869622055203,"01 (-Inf,20.1001)","04 [531.6402,642.8232)","03 [-0.0208,0.0506)"
0.516966376735362,"01 (-Inf,20.1001)","03 [142.6312,531.6402)","03 [-0.0208,0.0506)"
0.516966376735362,"01 (-Inf,20.1001)","03 [142.6312,531.6402)","03 [-0.0208,0.0506)"
0,"02 [20.1001,Inf)","04 [531.6402,642.8232)","03 [-0.0208,0.0506)"
0,"01 (-Inf,20.1001)","04 [531.6402,642.8232)","03 [-0.0208,0.0506)"
0.319005807895494,"01 (-Inf,20.1001)","05 [642.8232,Inf)","03 [-0.0208,0.0506)"
0,"02 [20.1001,Inf)","04 [531.6402,642.8232)","03 [-0.0208,0.0506)"
0.82358764923978,"01 (-Inf,20.1001)","03 [142.6312,531.6402)","03 [-0.0208,0.0506)"
0,"02 [20.1001,Inf)","03 [142.6312,531.6402)","03 [-0.0208,0.0506)"
0,"01 (-Inf,20.1001)","03 [142.6312,531.6402)","03 [-0.0208,0.0506)"
1.16936477232011,"01 (-Inf,20.1001)","02 [58.1375,142.6312)","03 [-0.0208,0.0506)"
1.16939295789556,"01 (-Inf,20.1001)","02 [58.1375,142.6312)","03 [-0.0208,0.0506)"
0.252346831266374,"02 [20.1001,Inf)","02 [58.1375,142.6312)","03 [-0.0208,0.0506)"
0.00489850934753716,"01 (-Inf,20.1001)","03 [142.6312,531.6402)","03 [-0.0208,0.0506)"
0.00489850934753716,"01 (-Inf,20.1001)","03 [142.6312,531.6402)","03 [-0.0208,0.0506)"
0.00327940073393767,"02 [20.1001,Inf)","04 [531.6402,642.8232)","03 [-0.0208,0.0506)"
0.615401222819654,"01 (-Inf,20.1001)","03 [142.6312,531.6402)","02 [-0.0417,-0.0208)"
0.0784995320057359,"01 (-Inf,20.1001)","03 [142.6312,531.6402)","02 [-0.0417,-0.0208)"
0.0784995320057359,"01 (-Inf,20.1001)","03 [142.6312,531.6402)","02 [-0.0417,-0.0208)"
0.944134304378623,"01 (-Inf,20.1001)","04 [531.6402,642.8232)","04 [0.0506,Inf)"
0.0784995320057359,"01 (-Inf,20.1001)","03 [142.6312,531.6402)","02 [-0.0417,-0.0208)"
0.821103587803139,"01 (-Inf,20.1001)","03 [142.6312,531.6402)","03 [-0.0208,0.0506)"
0.181886276047022,"02 [20.1001,Inf)","03 [142.6312,531.6402)","02 [-0.0417,-0.0208)"
0.21716593639765,"02 [20.1001,Inf)","03 [142.6312,531.6402)","02 [-0.0417,-0.0208)"
0.21716593639765,"02 [20.1001,Inf)","03 [142.6312,531.6402)","02 [-0.0417,-0.0208)"
0.181886276047022,"02 [20.1001,Inf)","03 [142.6312,531.6402)","02 [-0.0417,-0.0208)"
0.181886276047022,"02 [20.1001,Inf)","03 [142.6312,531.6402)","02 [-0.0417,-0.0208)"
0.21716593639765,"02 [20.1001,Inf)","03 [142.6312,531.6402)","02 [-0.0417,-0.0208)"
0.370520244653731,"01 (-Inf,20.1001)","02 [58.1375,142.6312)","02 [-0.0417,-0.0208)"
0.426100250844367,"01 (-Inf,20.1001)","01 (-Inf,58.1375)","02 [-0.0417,-0.0208)"
0.426100250844367,"01 (-Inf,20.1001)","01 (-Inf,58.1375)","02 [-0.0417,-0.0208)"
0.233991812679712,"02 [20.1001,Inf)","02 [58.1375,142.6312)","03 [-0.0208,0.0506)"
0,"01 (-Inf,20.1001)","02 [58.1375,142.6312)","03 [-0.0208,0.0506)"
0.0117414065660646,"01 (-Inf,20.1001)","02 [58.1375,142.6312)","03 [-0.0208,0.0506)"
0.0324462179190687,"02 [20.1001,Inf)","02 [58.1375,142.6312)","04 [0.0506,Inf)"
0.0324462179190687,"02 [20.1001,Inf)","02 [58.1375,142.6312)","04 [0.0506,Inf)"
0.0324462179190687,"02 [20.1001,Inf)","02 [58.1375,142.6312)","04 [0.0506,Inf)"
0.0324462179190687,"02 [20.1001,Inf)","03 [142.6312,531.6402)","03 [-0.0208,0.0506)"
0.124666298113616,"02 [20.1001,Inf)","04 [531.6402,642.8232)","03 [-0.0208,0.0506)"
0.124666298113616,"02 [20.1001,Inf)","04 [531.6402,642.8232)","03 [-0.0208,0.0506)"
0,"02 [20.1001,Inf)","04 [531.6402,642.8232)","03 [-0.0208,0.0506)"
1.07679792668879,"02 [20.1001,Inf)","04 [531.6402,642.8232)","03 [-0.0208,0.0506)"
0.512848043046934,"02 [20.1001,Inf)","04 [531.6402,642.8232)","03 [-0.0208,0.0506)"
0.510877826550144,"02 [20.1001,Inf)","05 [642.8232,Inf)","03 [-0.0208,0.0506)"
0.0477423597450247,"02 [20.1001,Inf)","03 [142.6312,531.6402)","04 [0.0506,Inf)"
0.0930419898617334,"01 (-Inf,20.1001)","04 [531.6402,642.8232)","03 [-0.0208,0.0506)"
0.0930419898617334,"01 (-Inf,20.1001)","04 [531.6402,642.8232)","03 [-0.0208,0.0506)"
0.379395335181896,"01 (-Inf,20.1001)","05 [642.8232,Inf)","03 [-0.0208,0.0506)"
0.380856364872749,"02 [20.1001,Inf)","05 [642.8232,Inf)","03 [-0.0208,0.0506)"
0.350728276377065,"02 [20.1001,Inf)","05 [642.8232,Inf)","03 [-0.0208,0.0506)"
0,"01 (-Inf,20.1001)","02 [58.1375,142.6312)","03 [-0.0208,0.0506)"
0.101797314343784,"02 [20.1001,Inf)","02 [58.1375,142.6312)","03 [-0.0208,0.0506)"
0,"02 [20.1001,Inf)","03 [142.6312,531.6402)","04 [0.0506,Inf)"
0,"02 [20.1001,Inf)","02 [58.1375,142.6312)","04 [0.0506,Inf)"
0,"02 [20.1001,Inf)","03 [142.6312,531.6402)","04 [0.0506,Inf)"
0.00138004799920134,"02 [20.1001,Inf)","03 [142.6312,531.6402)","04 [0.0506,Inf)"
0,"02 [20.1001,Inf)","02 [58.1375,142.6312)","04 [0.0506,Inf)"
0.281230431905895,"02 [20.1001,Inf)","02 [58.1375,142.6312)","03 [-0.0208,0.0506)"
0.281230431905895,"01 (-Inf,20.1001)","03 [142.6312,531.6402)","03 [-0.0208,0.0506)"
0.690923870088449,"01 (-Inf,20.1001)","03 [142.6312,531.6402)","02 [-0.0417,-0.0208)"
0.858981628431516,"01 (-Inf,20.1001)","03 [142.6312,531.6402)","03 [-0.0208,0.0506)"
0.870782590150141,"01 (-Inf,20.1001)","03 [142.6312,531.6402)","03 [-0.0208,0.0506)"
0.858981628431516,"01 (-Inf,20.1001)","03 [142.6312,531.6402)","03 [-0.0208,0.0506)"
0.858981628431516,"01 (-Inf,20.1001)","03 [142.6312,531.6402)","03 [-0.0208,0.0506)"
0.156589244027931,"02 [20.1001,Inf)","04 [531.6402,642.8232)","03 [-0.0208,0.0506)"
0.156589244027931,"02 [20.1001,Inf)","04 [531.6402,642.8232)","03 [-0.0208,0.0506)"
0.586989241900255,"02 [20.1001,Inf)","05 [642.8232,Inf)","03 [-0.0208,0.0506)"
0.414303784653471,"02 [20.1001,Inf)","03 [142.6312,531.6402)","02 [-0.0417,-0.0208)"
0.156589244027931,"02 [20.1001,Inf)","04 [531.6402,642.8232)","03 [-0.0208,0.0506)"
0.178267460210276,"02 [20.1001,Inf)","03 [142.6312,531.6402)","04 [0.0506,Inf)"
0,"02 [20.1001,Inf)","03 [142.6312,531.6402)","04 [0.0506,Inf)"
0,"02 [20.1001,Inf)","03 [142.6312,531.6402)","04 [0.0506,Inf)"
0.340856825576346,"01 (-Inf,20.1001)","04 [531.6402,642.8232)","04 [0.0506,Inf)"
0.436307928303741,"01 (-Inf,20.1001)","03 [142.6312,531.6402)","04 [0.0506,Inf)"
0,"01 (-Inf,20.1001)","03 [142.6312,531.6402)","03 [-0.0208,0.0506)"
0,"01 (-Inf,20.1001)","03 [142.6312,531.6402)","03 [-0.0208,0.0506)"
0.340856825576346,"01 (-Inf,20.1001)","04 [531.6402,642.8232)","04 [0.0506,Inf)"
1.01373506182522,"01 (-Inf,20.1001)","01 (-Inf,58.1375)","02 [-0.0417,-0.0208)"
1.01966362134557,"01 (-Inf,20.1001)","02 [58.1375,142.6312)","03 [-0.0208,0.0506)"
1.01966362134557,"01 (-Inf,20.1001)","02 [58.1375,142.6312)","03 [-0.0208,0.0506)"
0.72516329672214,"02 [20.1001,Inf)","04 [531.6402,642.8232)","03 [-0.0208,0.0506)"
0.569887646054173,"01 (-Inf,20.1001)","01 (-Inf,58.1375)","02 [-0.0417,-0.0208)"
0.00088239695825657,"01 (-Inf,20.1001)","02 [58.1375,142.6312)","03 [-0.0208,0.0506)"
0,"01 (-Inf,20.1001)","03 [142.6312,531.6402)","02 [-0.0417,-0.0208)"
0.569887646054173,"01 (-Inf,20.1001)","01 (-Inf,58.1375)","02 [-0.0417,-0.0208)"
0.569887646054173,"01 (-Inf,20.1001)","01 (-Inf,58.1375)","02 [-0.0417,-0.0208)"
0.00088239695825657,"01 (-Inf,20.1001)","02 [58.1375,142.6312)","03 [-0.0208,0.0506)"
0,"01 (-Inf,20.1001)","03 [142.6312,531.6402)","02 [-0.0417,-0.0208)"
0,"02 [20.1001,Inf)","04 [531.6402,642.8232)","03 [-0.0208,0.0506)"
0.808032587033579,"01 (-Inf,20.1001)","04 [531.6402,642.8232)","03 [-0.0208,0.0506)"
0,"02 [20.1001,Inf)","04 [531.6402,642.8232)","03 [-0.0208,0.0506)"
0.808032587033579,"01 (-Inf,20.1001)","04 [531.6402,642.8232)","03 [-0.0208,0.0506)"
1.10703987053261,"01 (-Inf,20.1001)","02 [58.1375,142.6312)","03 [-0.0208,0.0506)"
1.10660555290801,"01 (-Inf,20.1001)","02 [58.1375,142.6312)","03 [-0.0208,0.0506)"
1.02395891286229,"01 (-Inf,20.1001)","02 [58.1375,142.6312)","03 [-0.0208,0.0506)"
0.781002494686207,"02 [20.1001,Inf)","02 [58.1375,142.6312)","02 [-0.0417,-0.0208)"
0.781002494686207,"02 [20.1001,Inf)","02 [58.1375,142.6312)","02 [-0.0417,-0.0208)"
0,"01 (-Inf,20.1001)","03 [142.6312,531.6402)","03 [-0.0208,0.0506)"
0.7880566446352,"01 (-Inf,20.1001)","04 [531.6402,642.8232)","03 [-0.0208,0.0506)"
0.615321346263189,"02 [20.1001,Inf)","03 [142.6312,531.6402)","03 [-0.0208,0.0506)"
0.548058119742974,"01 (-Inf,20.1001)","01 (-Inf,58.1375)","03 [-0.0208,0.0506)"
0.548058119742974,"01 (-Inf,20.1001)","01 (-Inf,58.1375)","03 [-0.0208,0.0506)"
0.548058119742974,"01 (-Inf,20.1001)","01 (-Inf,58.1375)","03 [-0.0208,0.0506)"
0.0290886662600402,"02 [20.1001,Inf)","03 [142.6312,531.6402)","03 [-0.0208,0.0506)"
0.662044007076983,"01 (-Inf,20.1001)","02 [58.1375,142.6312)","01 (-Inf,-0.0417)"
0.401071645257376,"01 (-Inf,20.1001)","02 [58.1375,142.6312)","01 (-Inf,-0.0417)"
0.103517113664644,"02 [20.1001,Inf)","03 [142.6312,531.6402)","03 [-0.0208,0.0506)"
0.339565647619487,"02 [20.1001,Inf)","03 [142.6312,531.6402)","03 [-0.0208,0.0506)"
0,"02 [20.1001,Inf)","03 [142.6312,531.6402)","02 [-0.0417,-0.0208)"
0,"02 [20.1001,Inf)","03 [142.6312,531.6402)","02 [-0.0417,-0.0208)"
0,"02 [20.1001,Inf)","03 [142.6312,531.6402)","02 [-0.0417,-0.0208)"
0.105481346598344,"01 (-Inf,20.1001)","03 [142.6312,531.6402)","02 [-0.0417,-0.0208)"
0.105481346598344,"01 (-Inf,20.1001)","03 [142.6312,531.6402)","02 [-0.0417,-0.0208)"
0.0227011379119814,"01 (-Inf,20.1001)","03 [142.6312,531.6402)","03 [-0.0208,0.0506)"
0.0227011379119814,"01 (-Inf,20.1001)","03 [142.6312,531.6402)","03 [-0.0208,0.0506)"
0.462038743767083,"01 (-Inf,20.1001)","03 [142.6312,531.6402)","03 [-0.0208,0.0506)"
0.396145724389335,"01 (-Inf,20.1001)","03 [142.6312,531.6402)","03 [-0.0208,0.0506)"
0.671229225620013,"01 (-Inf,20.1001)","03 [142.6312,531.6402)","02 [-0.0417,-0.0208)"
0.158506197194427,"01 (-Inf,20.1001)","01 (-Inf,58.1375)","03 [-0.0208,0.0506)"
0.157272267205181,"01 (-Inf,20.1001)","03 [142.6312,531.6402)","03 [-0.0208,0.0506)"
0,"02 [20.1001,Inf)","02 [58.1375,142.6312)","04 [0.0506,Inf)"
0.289641210587729,"02 [20.1001,Inf)","03 [142.6312,531.6402)","04 [0.0506,Inf)"
0.370950369185165,"02 [20.1001,Inf)","03 [142.6312,531.6402)","04 [0.0506,Inf)"
0.161087752562673,"02 [20.1001,Inf)","02 [58.1375,142.6312)","03 [-0.0208,0.0506)"
0.289641210587729,"02 [20.1001,Inf)","03 [142.6312,531.6402)","04 [0.0506,Inf)"
0,"02 [20.1001,Inf)","02 [58.1375,142.6312)","04 [0.0506,Inf)"
0.161087752562673,"02 [20.1001,Inf)","02 [58.1375,142.6312)","03 [-0.0208,0.0506)"
0.370950369185165,"02 [20.1001,Inf)","03 [142.6312,531.6402)","04 [0.0506,Inf)"
0.170853347826641,"02 [20.1001,Inf)","04 [531.6402,642.8232)","04 [0.0506,Inf)"
0.170853347826641,"02 [20.1001,Inf)","03 [142.6312,531.6402)","03 [-0.0208,0.0506)"
0.773090628291037,"02 [20.1001,Inf)","03 [142.6312,531.6402)","03 [-0.0208,0.0506)"
0.832155092479401,"02 [20.1001,Inf)","03 [142.6312,531.6402)","03 [-0.0208,0.0506)"
0,"02 [20.1001,Inf)","05 [642.8232,Inf)","04 [0.0506,Inf)"
0.11691527464698,"02 [20.1001,Inf)","05 [642.8232,Inf)","04 [0.0506,Inf)"
0,"02 [20.1001,Inf)","05 [642.8232,Inf)","04 [0.0506,Inf)"
0.135009361705566,"02 [20.1001,Inf)","03 [142.6312,531.6402)","01 (-Inf,-0.0417)"
0.135009361705566,"02 [20.1001,Inf)","03 [142.6312,531.6402)","01 (-Inf,-0.0417)"
0.343249710389995,"01 (-Inf,20.1001)","02 [58.1375,142.6312)","01 (-Inf,-0.0417)"
0.825922891587995,"01 (-Inf,20.1001)","02 [58.1375,142.6312)","01 (-Inf,-0.0417)"
0.135009361705566,"02 [20.1001,Inf)","03 [142.6312,531.6402)","01 (-Inf,-0.0417)"
0.343249710389995,"01 (-Inf,20.1001)","02 [58.1375,142.6312)","01 (-Inf,-0.0417)"
0.825922891587995,"01 (-Inf,20.1001)","02 [58.1375,142.6312)","01 (-Inf,-0.0417)"
0.627680899519841,"01 (-Inf,20.1001)","03 [142.6312,531.6402)","03 [-0.0208,0.0506)"
0.0514342560221356,"01 (-Inf,20.1001)","03 [142.6312,531.6402)","03 [-0.0208,0.0506)"
0.627680899519841,"01 (-Inf,20.1001)","03 [142.6312,531.6402)","03 [-0.0208,0.0506)"
0.0514342560221356,"01 (-Inf,20.1001)","03 [142.6312,531.6402)","03 [-0.0208,0.0506)"
0,"01 (-Inf,20.1001)","02 [58.1375,142.6312)","02 [-0.0417,-0.0208)"
0.00133103815675914,"01 (-Inf,20.1001)","01 (-Inf,58.1375)","03 [-0.0208,0.0506)"
0.332388466669622,"02 [20.1001,Inf)","03 [142.6312,531.6402)","01 (-Inf,-0.0417)"
0.0728478895902199,"01 (-Inf,20.1001)","03 [142.6312,531.6402)","01 (-Inf,-0.0417)"
0.163408662047458,"01 (-Inf,20.1001)","03 [142.6312,531.6402)","01 (-Inf,-0.0417)"
0,"02 [20.1001,Inf)","03 [142.6312,531.6402)","01 (-Inf,-0.0417)"
0.129176932161611,"01 (-Inf,20.1001)","05 [642.8232,Inf)","01 (-Inf,-0.0417)"
0.130480171102051,"01 (-Inf,20.1001)","05 [642.8232,Inf)","01 (-Inf,-0.0417)"
0.129176932161611,"01 (-Inf,20.1001)","05 [642.8232,Inf)","01 (-Inf,-0.0417)"
0.130480171102051,"01 (-Inf,20.1001)","05 [642.8232,Inf)","01 (-Inf,-0.0417)"
0.130480171102051,"01 (-Inf,20.1001)","05 [642.8232,Inf)","01 (-Inf,-0.0417)"
0.129176932161611,"01 (-Inf,20.1001)","05 [642.8232,Inf)","01 (-Inf,-0.0417)"
0,"01 (-Inf,20.1001)","02 [58.1375,142.6312)","03 [-0.0208,0.0506)"
7.28729491206598e-05,"01 (-Inf,20.1001)","02 [58.1375,142.6312)","03 [-0.0208,0.0506)"
0.00154429048919144,"01 (-Inf,20.1001)","02 [58.1375,142.6312)","03 [-0.0208,0.0506)"
7.28729491206598e-05,"01 (-Inf,20.1001)","02 [58.1375,142.6312)","03 [-0.0208,0.0506)"
0,"01 (-Inf,20.1001)","02 [58.1375,142.6312)","03 [-0.0208,0.0506)"
0.0377204320662631,"02 [20.1001,Inf)","03 [142.6312,531.6402)","04 [0.0506,Inf)"
0.0377204320662631,"02 [20.1001,Inf)","03 [142.6312,531.6402)","04 [0.0506,Inf)"
0.0113017755462615,"02 [20.1001,Inf)","03 [142.6312,531.6402)","04 [0.0506,Inf)"
0.0113017755462615,"02 [20.1001,Inf)","03 [142.6312,531.6402)","04 [0.0506,Inf)"
0,"02 [20.1001,Inf)","04 [531.6402,642.8232)","03 [-0.0208,0.0506)"
0,"02 [20.1001,Inf)","04 [531.6402,642.8232)","03 [-0.0208,0.0506)"
0,"02 [20.1001,Inf)","04 [531.6402,642.8232)","03 [-0.0208,0.0506)"
0,"02 [20.1001,Inf)","04 [531.6402,642.8232)","03 [-0.0208,0.0506)"
0,"02 [20.1001,Inf)","02 [58.1375,142.6312)","04 [0.0506,Inf)"
0.41941273601813,"02 [20.1001,Inf)","03 [142.6312,531.6402)","03 [-0.0208,0.0506)"
0,"02 [20.1001,Inf)","03 [142.6312,531.6402)","04 [0.0506,Inf)"
0,"02 [20.1001,Inf)","02 [58.1375,142.6312)","04 [0.0506,Inf)"
1.03968536289041,"02 [20.1001,Inf)","02 [58.1375,142.6312)","03 [-0.0208,0.0506)"
0,"02 [20.1001,Inf)","02 [58.1375,142.6312)","04 [0.0506,Inf)"
0.000810664421958562,"02 [20.1001,Inf)","04 [531.6402,642.8232)","03 [-0.0208,0.0506)"
0,"02 [20.1001,Inf)","04 [531.6402,642.8232)","03 [-0.0208,0.0506)"
0.232853238007595,"02 [20.1001,Inf)","04 [531.6402,642.8232)","03 [-0.0208,0.0506)"
0.232853238007595,"02 [20.1001,Inf)","04 [531.6402,642.8232)","03 [-0.0208,0.0506)"
0,"02 [20.1001,Inf)","04 [531.6402,642.8232)","03 [-0.0208,0.0506)"
0.759172667301351,"02 [20.1001,Inf)","05 [642.8232,Inf)","03 [-0.0208,0.0506)"
0.148206829865791,"02 [20.1001,Inf)","03 [142.6312,531.6402)","03 [-0.0208,0.0506)"
0.872567509413379,"02 [20.1001,Inf)","04 [531.6402,642.8232)","03 [-0.0208,0.0506)"
0.758872769717592,"02 [20.1001,Inf)","03 [142.6312,531.6402)","03 [-0.0208,0.0506)"
0.758872769717592,"02 [20.1001,Inf)","03 [142.6312,531.6402)","03 [-0.0208,0.0506)"
0.148206829865791,"02 [20.1001,Inf)","03 [142.6312,531.6402)","03 [-0.0208,0.0506)"
0.190218842693576,"02 [20.1001,Inf)","03 [142.6312,531.6402)","04 [0.0506,Inf)"
6.45773893073989e-05,"01 (-Inf,20.1001)","03 [142.6312,531.6402)","03 [-0.0208,0.0506)"
1.036435471977,"01 (-Inf,20.1001)","03 [142.6312,531.6402)","03 [-0.0208,0.0506)"
6.45773893073989e-05,"02 [20.1001,Inf)","02 [58.1375,142.6312)","04 [0.0506,Inf)"
0.19640618670748,"01 (-Inf,20.1001)","03 [142.6312,531.6402)","04 [0.0506,Inf)"
0.185281944808726,"01 (-Inf,20.1001)","03 [142.6312,531.6402)","04 [0.0506,Inf)"
0.283560905891235,"01 (-Inf,20.1001)","03 [142.6312,531.6402)","03 [-0.0208,0.0506)"
0.283560905891235,"01 (-Inf,20.1001)","03 [142.6312,531.6402)","03 [-0.0208,0.0506)"
0.290752362794325,"01 (-Inf,20.1001)","03 [142.6312,531.6402)","03 [-0.0208,0.0506)"
0.283560905891235,"02 [20.1001,Inf)","02 [58.1375,142.6312)","03 [-0.0208,0.0506)"
0.287825890155727,"01 (-Inf,20.1001)","03 [142.6312,531.6402)","03 [-0.0208,0.0506)"
0.287825890155727,"01 (-Inf,20.1001)","03 [142.6312,531.6402)","03 [-0.0208,0.0506)"
0.283560905891235,"01 (-Inf,20.1001)","03 [142.6312,531.6402)","03 [-0.0208,0.0506)"
0.287825890155727,"01 (-Inf,20.1001)","03 [142.6312,531.6402)","03 [-0.0208,0.0506)"
0.290752362794325,"01 (-Inf,20.1001)","03 [142.6312,531.6402)","03 [-0.0208,0.0506)"
0.283560905891235,"01 (-Inf,20.1001)","03 [142.6312,531.6402)","03 [-0.0208,0.0506)"
1.22553651173947,"01 (-Inf,20.1001)","02 [58.1375,142.6312)","01 (-Inf,-0.0417)"
0.876688718551895,"01 (-Inf,20.1001)","03 [142.6312,531.6402)","01 (-Inf,-0.0417)"
1.04187882406473,"01 (-Inf,20.1001)","02 [58.1375,142.6312)","01 (-Inf,-0.0417)"
